"","Term","Overlap","P.value","Adjusted.P.value","Old.P.value","Old.Adjusted.P.value","Odds.Ratio","Combined.Score","Genes","Source","Cluster","num_genes"
"1","insulin-like growth factor receptor binding (GO:0005159)","2/15",7.8612322981601e-06,0.000227975736646643,0,0,768.5,9032.6163800399,"GNAS;INS","Molecular Function","Acinar",2
"2","regulation of insulin secretion (GO:0050796)","3/169",1.16347412791497e-05,0.00217143015902991,0,0,119.44578313253,1357.0850564945,"GNAS;HADH;INS","Biological Process","Acinar",3
"3","regulation of peptide hormone secretion (GO:0090276)","3/189",1.62676233147137e-05,0.00217143015902991,0,0,106.494623655914,1174.24526036668,"GNAS;HADH;INS","Biological Process","Acinar",3
"4","regulation of peptide secretion (GO:0002791)","3/192",1.70531164321721e-05,0.00217143015902991,0,0,104.78835978836,1150.49001137556,"GNAS;HADH;INS","Biological Process","Acinar",3
"5","regulation of hormone secretion (GO:0046883)","3/230",2.92648641505615e-05,0.00226499802855624,0,0,87.079295154185,909.03146740593,"GNAS;HADH;INS","Biological Process","Acinar",3
"6","regulation of peptide transport (GO:0090087)","3/231",2.9646571054401e-05,0.00226499802855624,0,0,86.6929824561404,903.875260245719,"GNAS;HADH;INS","Biological Process","Acinar",3
"7","endocrine pancreas development (GO:0031018)","2/39",5.53015772757396e-05,0.00352086708655542,0,0,269.689189189189,2643.6846765008,"IAPP;INS","Biological Process","Acinar",2
"8","response to peptide hormone (GO:0043434)","3/364",0.000114804546956203,0.00626504813389567,0,0,54.3850415512465,493.396295789864,"GNAS;HADH;INS","Biological Process","Acinar",3
"9","response to peptide (GO:1901652)","3/384",0.000134538693828778,0.00642422263032413,0,0,51.4776902887139,458.854562610191,"GNAS;HADH;INS","Biological Process","Acinar",3
"10","hormone activity (GO:0005179)","2/122",0.000544788366532271,0.00789943131471793,0,0,82.8083333333333,622.313995343031,"IAPP;INS","Molecular Function","Acinar",2
"11","extracellular region (GO:0005576)","4/1585",0.000517472460115038,0.0144892288832211,0,0,23.2928526249209,176.246633056558,"GNAS;IAPP;INS;C1QL1","Cellular Component","Acinar",4
"12","3-hydroxyacyl-CoA dehydrogenase activity (GO:0003857)","1/8",0.00239785896922775,0.0146842997915332,0,0,571.057142857143,3445.28998260833,"HADH","Molecular Function","Acinar",1
"13","D1 dopamine receptor binding (GO:0031748)","1/9",0.00269725593591418,0.0146842997915332,0,0,499.65,2955.68973928353,"GNAS","Molecular Function","Acinar",1
"14","adenylate cyclase activity (GO:0004016)","1/11",0.00329582567641046,0.0146842997915332,0,0,399.68,2284.21059157039,"GNAS","Molecular Function","Acinar",1
"15","NAD+ binding (GO:0070403)","1/13",0.00389409648539669,0.0146842997915332,0,0,333.033333333333,1847.7667100463,"HADH","Molecular Function","Acinar",1
"16","dopamine receptor binding (GO:0050780)","1/14",0.00419311979869468,0.0146842997915332,0,0,307.4,1682.80296780194,"GNAS","Molecular Function","Acinar",1
"17","peptide hormone receptor binding (GO:0051428)","1/17",0.00508974145357057,0.0146842997915332,0,0,249.725,1318.67991590424,"GNAS","Molecular Function","Acinar",1
"18","ionotropic glutamate receptor binding (GO:0035255)","1/17",0.00508974145357057,0.0146842997915332,0,0,249.725,1318.67991590424,"GNAS","Molecular Function","Acinar",1
"19","adrenergic receptor binding (GO:0031690)","1/19",0.00568711573898333,0.0146842997915332,0,0,221.955555555556,1147.41079930952,"GNAS","Molecular Function","Acinar",1
"20","phosphorus-oxygen lyase activity (GO:0016849)","1/22",0.00658261714792867,0.0146842997915332,0,0,190.219047619048,955.531692191046,"GNAS","Molecular Function","Acinar",1
"21","cyclase activity (GO:0009975)","1/22",0.00658261714792867,0.0146842997915332,0,0,190.219047619048,955.531692191046,"GNAS","Molecular Function","Acinar",1
"22","G-protein beta/gamma-subunit complex binding (GO:0031683)","1/22",0.00658261714792867,0.0146842997915332,0,0,190.219047619048,955.531692191046,"GNAS","Molecular Function","Acinar",1
"23","regulation of neuron differentiation (GO:0045664)","18/405",3.7114659869637e-07,0.000805759265769818,0,0,4.6273106738223,68.5150561546778,"SNAP25;TMEM30A;STMN2;CACNA1A;PAX6;ISL1;SLC6A4;CUX1;MAP1B;ID2;DPYSL3;ID4;ABL2;PLXNB2;NBL1;NKX2-2;ITM2C;FGFR1","Biological Process","Activated steilate",18
"24","negative regulation of neurogenesis (GO:0050768)","12/192",1.07482602273916e-06,0.00116672364768336,0,0,6.50315091210614,89.3750904605681,"GPR56;ID2;DPYSL3;STAT3;STMN2;ID4;PAX6;ISL1;SORL1;NKX2-2;ITM2C;SLC6A4","Biological Process","Activated steilate",12
"25","negative regulation of nervous system development (GO:0051961)","12/211",2.8866496301719e-06,0.00208897211570106,0,0,5.87654691367284,74.9577889263073,"GPR56;ID2;DPYSL3;STAT3;STMN2;ID4;PAX6;ISL1;SORL1;NKX2-2;ITM2C;SLC6A4","Biological Process","Activated steilate",12
"26","negative regulation of cell development (GO:0010721)","12/239",1.03110682172886e-05,0.00559633227493341,0,0,5.14432244066014,59.0686157778037,"GPR56;ID2;DPYSL3;STAT3;STMN2;ID4;PAX6;ISL1;SORL1;NKX2-2;ITM2C;SLC6A4","Biological Process","Activated steilate",12
"27","regulation of insulin secretion (GO:0050796)","10/169",1.39325587907484e-05,0.00604951702694295,0,0,6.08111038820213,67.9946107185175,"SNAP25;PCSK1;CASR;RBP4;ABCC8;UCP2;CACNA1A;CACNA1D;ISL1;SEC11C","Biological Process","Activated steilate",10
"28","negative regulation of neuron differentiation (GO:0045665)","9/147",2.87913674377226e-05,0.0100691080502262,0,0,6.28164961636829,65.6773789897413,"ID2;DPYSL3;STMN2;ID4;PAX6;ISL1;NKX2-2;ITM2C;SLC6A4","Biological Process","Activated steilate",9
"29","regulation of peptide hormone secretion (GO:0090276)","10/189",3.65171235481974e-05,0.0100691080502262,0,0,5.39615268183945,55.1364271976556,"SNAP25;PCSK1;CASR;RBP4;ABCC8;UCP2;CACNA1A;CACNA1D;ISL1;SEC11C","Biological Process","Activated steilate",10
"30","regulation of hormone secretion (GO:0046883)","11/230",3.78255337404004e-05,0.0100691080502262,0,0,4.86568108865681,49.5449251057849,"PCSK1;SNAP25;RBP4;CASR;EDN3;ABCC8;UCP2;CACNA1A;CACNA1D;ISL1;SEC11C","Biological Process","Activated steilate",11
"31","regulation of peptide secretion (GO:0002791)","10/192",4.1742041663766e-05,0.0100691080502262,0,0,5.30639311427489,53.5096774169435,"SNAP25;PCSK1;CASR;RBP4;ABCC8;UCP2;CACNA1A;CACNA1D;ISL1;SEC11C","Biological Process","Activated steilate",10
"32","positive regulation of neurogenesis (GO:0050769)","12/283",5.4434263591966e-05,0.0118176786258158,0,0,4.29938866552845,42.2136196570512,"TMEM30A;CUX1;MAP1B;ID2;DPYSL3;STMN2;ABL2;PLXNB2;PAX6;NBL1;NKX2-2;FGFR1","Biological Process","Activated steilate",12
"33","positive regulation of neuron differentiation (GO:0045666)","10/217",0.000115994995212687,0.0228931940551585,0,0,4.65957497441755,42.2248984019621,"TMEM30A;CUX1;MAP1B;DPYSL3;STMN2;ABL2;PLXNB2;NBL1;NKX2-2;FGFR1","Biological Process","Activated steilate",10
"34","neuron differentiation (GO:0030182)","10/222",0.000139802102166481,0.0235998146765707,0,0,4.54851752021563,40.3693788183419,"AIFM1;EDN3;CUX1;STAT3;ID4;CACNA1A;ISL1;NKX2-2;ITM2C;WNT4","Biological Process","Activated steilate",10
"35","positive regulation of nervous system development (GO:0051962)","12/313",0.000141316255548328,0.0235998146765707,0,0,3.86492785243219,34.2606924941587,"TMEM30A;CUX1;MAP1B;ID2;DPYSL3;STMN2;ABL2;PLXNB2;PAX6;NBL1;NKX2-2;FGFR1","Biological Process","Activated steilate",12
"36","positive regulation of neuron projection development (GO:0010976)","8/144",0.000158169418229034,0.024527557641088,0,0,5.63873744619799,49.3493495395246,"TMEM30A;CUX1;MAP1B;DPYSL3;STMN2;ABL2;PLXNB2;FGFR1","Biological Process","Activated steilate",8
"37","regulation of hormone levels (GO:0010817)","10/229",0.000179966885261694,0.0246578298361062,0,0,4.40155656027172,37.9534676679045,"PCSK1;RBP4;PCSK1N;PCLO;EDN3;FFAR4;CACNA1A;CPE;DHRS2;WNT4","Biological Process","Activated steilate",10
"38","regulation of neuron projection development (GO:0010975)","11/275",0.00018554891193216,0.0246578298361062,0,0,4.02702145214521,34.6009416438388,"SNAP25;TMEM30A;CUX1;MAP1B;DPYSL3;STMN2;CACNA1A;ABL2;PLXNB2;ITM2C;FGFR1","Biological Process","Activated steilate",11
"39","regulation of peptide transport (GO:0090087)","10/231",0.000193082960485401,0.0246578298361062,0,0,4.3612776675657,37.2993501906307,"PCSK1;SNAP25;RBP4;CASR;ABCC8;UCP2;CACNA1A;CACNA1D;ISL1;SEC11C","Biological Process","Activated steilate",10
"40","astrocyte differentiation (GO:0048708)","3/12",0.000244081512461998,0.0291367513328153,0,0,31.3936507936508,261.132648527904,"STAT3;PAX6;NKX2-2","Biological Process","Activated steilate",3
"41","response to peptide (GO:1901652)","13/384",0.000254996902498153,0.0291367513328153,0,0,3.40172506738544,28.1467547984309,"EGR1;CASR;PTPRN;STAT3;GFPT1;MTUS1;QDPR;RBP4;UCP2;PHIP;NLRP1;ATP6V0D1;FGFR1","Biological Process","Activated steilate",13
"42","response to nutrient levels (GO:0031667)","11/291",0.000301612555775981,0.0327400429294828,0,0,3.79379420084866,30.7538892228701,"ARSA;EGR1;ZFP36;CASR;PCSK1N;ACSL1;UCP2;SSTR1;AQP3;SLC6A4;WNT4","Biological Process","Activated steilate",11
"43","respiratory electron transport chain (GO:0022904)","10/112",3.54226816408124e-18,6.4762978776058e-16,0,0,194.882352941176,7830.71679698004,"MT-ATP6;MT-ND4;MT-ND5;MT-CO1;MT-CO2;MT-CO3;MT-ND2;MT-CYB;MT-ND3;MT-ND1","Biological Process","Alpha",10
"44","electron transport chain (GO:0022900)","10/115",4.65920710619123e-18,6.4762978776058e-16,0,0,189.285714285714,7553.95492365452,"MT-ATP6;MT-ND4;MT-ND5;MT-CO1;MT-CO2;MT-CO3;MT-ND2;MT-CYB;MT-ND3;MT-ND1","Biological Process","Alpha",10
"45","generation of precursor metabolites and energy (GO:0006091)","11/375",1.2563923013705e-14,1.16425686593667e-12,0,0,65.8656898656899,2108.22550643912,"MT-ATP6;MT-ND4;MT-ND5;MT-CO1;MT-CO2;MT-CO3;MT-ND2;MT-CYB;MT-ND3;MT-ND1;INS","Biological Process","Alpha",11
"46","mitochondrial inner membrane (GO:0005743)","10/341",2.89033402071651e-13,8.18827405142702e-12,0,0,59.3625377643505,1713.92908920232,"MT-ATP6;MT-ND4;MT-ND5;MT-CO1;MT-CO2;MT-CO3;MT-ND2;MT-CYB;MT-ND3;MT-ND1","Cellular Component","Alpha",10
"47","organelle inner membrane (GO:0019866)","10/360",4.9625903341982e-13,8.18827405142702e-12,0,0,56.0857142857143,1589.00241771745,"MT-ATP6;MT-ND4;MT-ND5;MT-CO1;MT-CO2;MT-CO3;MT-ND2;MT-CYB;MT-ND3;MT-ND1","Cellular Component","Alpha",10
"48","mitochondrial membrane part (GO:0044455)","8/167",2.30845814353533e-12,2.53930395788886e-11,0,0,83.1069182389937,2226.80344109739,"MT-ATP6;MT-ND4;MT-ND5;MT-CO1;MT-ND2;MT-CYB;MT-ND3;MT-ND1","Cellular Component","Alpha",8
"49","mitochondrial membrane (GO:0031966)","10/457",5.29774498250417e-12,4.37063961056594e-11,0,0,43.6979865771812,1134.56315593546,"MT-ATP6;MT-ND4;MT-ND5;MT-CO1;MT-CO2;MT-CO3;MT-ND2;MT-CYB;MT-ND3;MT-ND1","Cellular Component","Alpha",10
"50","oxidoreductase complex (GO:1990204)","6/88",2.2505899431546e-10,1.48538936248203e-09,0,0,103.996515679443,2310.24708632648,"MT-ND4;MT-ND5;MT-ND2;MT-CYB;MT-ND3;MT-ND1","Cellular Component","Alpha",6
"51","respiratory chain complex I (GO:0045271)","5/47",8.68955099908851e-10,3.58443978712401e-09,0,0,158.238095238095,3301.43684106974,"MT-ND4;MT-ND5;MT-ND2;MT-ND3;MT-ND1","Cellular Component","Alpha",5
"52","mitochondrial respiratory chain complex I (GO:0005747)","5/47",8.68955099908851e-10,3.58443978712401e-09,0,0,158.238095238095,3301.43684106974,"MT-ND4;MT-ND5;MT-ND2;MT-ND3;MT-ND1","Cellular Component","Alpha",5
"53","NADH dehydrogenase complex (GO:0030964)","5/47",8.68955099908851e-10,3.58443978712401e-09,0,0,158.238095238095,3301.43684106974,"MT-ND4;MT-ND5;MT-ND2;MT-ND3;MT-ND1","Cellular Component","Alpha",5
"54","NADH dehydrogenase (quinone) activity (GO:0050136)","5/46",7.7699758522386e-10,6.73397907194012e-09,0,0,162.105691056911,3400.26151911738,"MT-ND4;MT-ND5;MT-ND2;MT-ND3;MT-ND1","Molecular Function","Alpha",5
"55","NADH dehydrogenase (ubiquinone) activity (GO:0008137)","5/46",7.7699758522386e-10,6.73397907194012e-09,0,0,162.105691056911,3400.26151911738,"MT-ND4;MT-ND5;MT-ND2;MT-ND3;MT-ND1","Molecular Function","Alpha",5
"56","NADH dehydrogenase activity (GO:0003954)","5/46",7.7699758522386e-10,6.73397907194012e-09,0,0,162.105691056911,3400.26151911738,"MT-ND4;MT-ND5;MT-ND2;MT-ND3;MT-ND1","Molecular Function","Alpha",5
"57","cytochrome complex (GO:0070069)","4/18",2.20424900029367e-09,8.08224633441012e-09,0,0,356.535714285714,7106.78324329964,"MT-CO1;MT-CO2;MT-CO3;MT-CYB","Cellular Component","Alpha",4
"58","oxidoreductase activity, acting on NAD(P)H, quinone or similar compound as acceptor (GO:0016655)","5/60",3.06886511778946e-09,1.99476232656315e-08,0,0,120.757575757576,2367.08492965072,"MT-ND4;MT-ND5;MT-ND2;MT-ND3;MT-ND1","Molecular Function","Alpha",5
"59","mitochondrial electron transport, NADH to ubiquinone (GO:0006120)","5/45",6.92973392703886e-10,4.81616507929201e-08,0,0,166.166666666667,3504.45990388448,"MT-ND4;MT-ND5;MT-ND2;MT-ND3;MT-ND1","Biological Process","Alpha",5
"60","hydrogen ion transmembrane transporter activity (GO:0015078)","5/104",5.02717635540364e-08,2.17844308734158e-07,0,0,66.9393939393939,1124.97155795704,"MT-ATP6;MT-CO1;MT-CO2;MT-CO3;MT-CYB","Molecular Function","Alpha",5
"61","oxidoreductase activity, acting on NAD(P)H (GO:0016651)","5/104",5.02717635540364e-08,2.17844308734158e-07,0,0,66.9393939393939,1124.97155795704,"MT-ND4;MT-ND5;MT-ND2;MT-ND3;MT-ND1","Molecular Function","Alpha",5
"62","respiratory chain complex IV (GO:0045277)","3/9",7.15471710147336e-08,2.36105664348621e-07,0,0,587.470588235294,9665.60005221904,"MT-CO1;MT-CO2;MT-CO3","Cellular Component","Alpha",3
"63","extracellular vesicular exosome (GO:0070062)","78/2717",2.37665376766072e-09,6.17929979591788e-07,0,0,2.33538587848933,46.3750939738334,"SCARB1;BTG2;NDUFA13;RPL3;PTPRS;SERPINA1;CD82;HEXA;LOXL4;KIF12;N4BP2L2;CLU;H2AFJ;BSG;COTL1;MUC13;MAN1A1;PRSS3;RPS10;CHID1;PDIA3;EIF5A;SLC6A19;SSR4;GPX4;GPX3;GAA;ECH1;IGFBP2;ATP6AP2;NME3;RPS3A;HLA-A;MIF;HLA-E;RHOB;BCAM;SLC7A8;KCNMA1;ALDH1A1;KCTD12;HAGH;CD46;PAPPA2;GNAZ;SMIM24;GRN;FKBP2;HPN;ADCY1;LTBP3;PLD3;CST3;DPP4;PCSK1N;DPP7;TTR;PCBP2;KIAA1324;GC;MYH10;CTSA;FAM213A;AGT;QDPR;MOB1B;VIL1;TMEM59;P2RX4;FXYD3;GLB1;GNB2;CNTN1;NUCB1;CYSTM1;CALR;CALM1;GLA","Cellular Component","Beta",78
"64","integral component of endoplasmic reticulum membrane (GO:0030176)","11/94",1.34471885795712e-07,1.74813451534425e-05,0,0,9.18953552726808,145.39601037016,"PIGT;WFS1;TECR;ACER3;FKBP8;RRBP1;HLA-A;CALR;ESYT1;SLC37A4;HLA-E","Cellular Component","Beta",11
"65","integral component of organelle membrane (GO:0031301)","15/211",5.76139242858026e-07,4.99320677143622e-05,0,0,5.35165679174896,76.8868060731546,"PIGT;WFS1;TECR;RRBP1;HLA-A;SYP;HLA-E;SMDT1;P2RX4;SLC22A17;ACER3;FKBP8;CALR;ESYT1;SLC37A4","Cellular Component","Beta",15
"66","cytoplasmic vesicle part (GO:0044433)","19/363",1.9971972044737e-06,0.000129817818290791,0,0,3.88877378435518,51.0353562318985,"PCSK2;SCARB1;ATP6V0B;SERPINA1;SLC30A8;GCG;HLA-A;SYP;CLU;HLA-E;DLG4;RAB26;BSG;SCG3;CALR;LDLRAP1;CD46;CAMK2G;COPE","Cellular Component","Beta",19
"67","focal adhesion (GO:0005925)","16/352",7.11856269537392e-05,0.00344811649458007,0,0,3.31791709489551,31.6868369655787,"PDIA3;RPL3;C2CD4B;CD99L2;RPS3A;LPP;RHOB;DPP4;FAP;GNB2;BSG;PCBP2;CALR;CD46;RPS10;CD99","Cellular Component","Beta",16
"68","cell-substrate adherens junction (GO:0005924)","16/358",8.67383104145335e-05,0.00344811649458007,0,0,3.25869830451428,30.4773503124573,"PDIA3;RPL3;C2CD4B;CD99L2;RPS3A;LPP;RHOB;DPP4;FAP;GNB2;BSG;PCBP2;CALR;CD46;RPS10;CD99","Cellular Component","Beta",16
"69","cell-substrate junction (GO:0030055)","16/362",9.8694016657741e-05,0.00344811649458007,0,0,3.2203601280825,29.7029473126755,"PDIA3;RPL3;C2CD4B;CD99L2;RPS3A;LPP;RHOB;DPP4;FAP;GNB2;BSG;PCBP2;CALR;CD46;RPS10;CD99","Cellular Component","Beta",16
"70","adherens junction (GO:0005912)","17/405",0.000112458875292241,0.00344811649458007,0,0,3.055621720198,27.7845328847719,"PDIA3;RPL3;C2CD4B;CD99L2;RPS3A;LPP;RHOB;DPP4;AHI1;FAP;GNB2;BSG;PCBP2;CALR;CD46;RPS10;CD99","Cellular Component","Beta",17
"71","vacuole (GO:0005773)","14/293",0.000119357878658541,0.00344811649458007,0,0,3.48154121863799,31.4500994162471,"CHID1;CTSA;CD164;ATP6V0B;GAA;HPS1;CST3;TMEM59;DPP7;SLC22A17;GLB1;KIAA1324;TMEM9;GLA","Cellular Component","Beta",14
"72","regulation of hormone levels (GO:0010817)","15/229",1.61779108890014e-06,0.00399594398958336,0,0,4.8969952768566,65.2987331091229,"PCSK2;SCARB1;SLC30A8;ATP6AP2;CACNA1A;AGT;NEUROD1;PCSK1N;TTR;VGF;ALDH1A1;SCG5;CAMK2G;WNT4;BCAT2","Biological Process","Beta",15
"73","anchoring junction (GO:0070161)","17/419",0.000168678269899824,0.00438563501739542,0,0,2.94706970562351,25.6027193048826,"PDIA3;RPL3;C2CD4B;CD99L2;RPS3A;LPP;RHOB;DPP4;AHI1;FAP;GNB2;BSG;PCBP2;CALR;CD46;RPS10;CD99","Cellular Component","Beta",17
"74","integral component of plasma membrane (GO:0005887)","31/1066",0.000236400810940588,0.00554366445962154,0,0,2.12634227879723,17.7549194179687,"SCARB1;PTPRS;CD82;PODXL2;TUSC3;PTPRN;HPN;SLC40A1;SLC7A2;FADS2;ANKH;SLC22A17;BSG;TSPAN7;KIAA1324;ENPP2;CD99;CD164;SLC6A19;PTPRN2;KCNH6;HPS1;HLA-A;SSTR2;BCAM;P2RX4;CALY;SLC7A8;FXYD3;CD46;KCNK3","Cellular Component","Beta",31
"75","extracellular space (GO:0005615)","32/1120",0.000255861436597917,0.00554366445962154,0,0,2.0900314324203,17.286387727322,"PCSK2;GRN;SERPINA1;SERPINE2;NENF;CLU;CST3;PCSK1N;TTR;ENPP2;MUC13;PRSS3;GC;IL6R;WNT4;CHID1;EGFL7;METRN;GPX3;GAA;IGFBP2;GCG;MIF;AGT;PPP1R1A;FAP;VGF;GNB2;CRH;NUCB1;CALR;SCG2","Cellular Component","Beta",32
"76","lysosomal lumen (GO:0043202)","6/67",0.00045102076633001,0.00831162774072289,0,0,6.70935792349727,51.6888744849565,"CTSA;GLB1;HEXA;IDS;GC;GLA","Cellular Component","Beta",6
"77","endoplasmic reticulum lumen (GO:0005788)","9/154",0.000467854391538031,0.00831162774072289,0,0,4.26010889292196,32.663760573427,"PDIA3;LRPAP1;PTPRN2;F10;GBF1;GCG;CALR;SUMF2;WNT4","Cellular Component","Beta",9
"78","lysosome (GO:0005764)","12/261",0.000511484784044485,0.00831162774072289,0,0,3.32513030846791,25.1984782991059,"CHID1;CTSA;CST3;TMEM59;CD164;DPP7;GLB1;GAA;HPS1;KIAA1324;TMEM9;GLA","Cellular Component","Beta",12
"79","lytic vacuole (GO:0000323)","12/261",0.000511484784044485,0.00831162774072289,0,0,3.32513030846791,25.1984782991059,"CHID1;CTSA;CST3;TMEM59;CD164;DPP7;GLB1;GAA;HPS1;KIAA1324;TMEM9;GLA","Cellular Component","Beta",12
"80","vacuolar lumen (GO:0005775)","6/70",0.000571208948508693,0.00873613685954472,0,0,6.39388020833333,47.7479339700308,"CTSA;GLB1;HEXA;IDS;GC;GLA","Cellular Component","Beta",6
"81","cytoplasmic membrane-bounded vesicle lumen (GO:0060205)","6/76",0.000885064002771485,0.0121114021431887,0,0,5.84404761904762,41.0827816381385,"PCSK2;SERPINA1;SCG3;GCG;CALR;CLU","Cellular Component","Beta",6
"82","vesicle lumen (GO:0031983)","6/76",0.000885064002771485,0.0121114021431887,0,0,5.84404761904762,41.0827816381385,"PCSK2;SERPINA1;SCG3;GCG;CALR;CLU","Cellular Component","Beta",6
"83","extracellular vesicular exosome (GO:0070062)","39/2717",1.40997099999308e-14,1.35357215999335e-12,0,0,6.43913368185213,205.360857586001,"IFITM3;SERPINA3;PIGR;PRSS1;SDC4;REG1B;GSTP1;REG1A;TACSTD2;C3;LDHB;MUC1;ANPEP;DUOX2;SLC12A2;GPX2;SPINK1;GDF15;ANXA4;RARRES2;IGFBP2;AKR1C3;CEL;OLFM4;TMC5;LYZ;PDZK1IP1;SOD2;RNASE1;F3;EFNA1;GATM;GSTA2;ALB;GSTA1;LCN2;ALDOB;CFB;CD44","Cellular Component","Delta",39
"84","extracellular space (GO:0005615)","24/1120",3.05678403684948e-12,1.46725633768775e-10,0,0,7.63422546634225,202.4112409793,"IL32;SERPINA3;PIGR;REG3A;CPA1;SPINK1;PLA2G1B;GDF15;GSTP1;HILPDA;IGFBP2;TACSTD2;CEL;OLFM4;LYZ;F3;C3;MUC1;ANPEP;ALB;LCN2;CCL2;ANGPTL4;CFB","Cellular Component","Delta",24
"85","extracellular region (GO:0005576)","24/1585",3.80161453008839e-09,1.21651664962828e-07,0,0,5.22770303936223,101.353870011597,"SERPINA3;CPA2;PRSS1;CELA2A;GABBR1;CPB1;PLA2G1B;GDF15;CTRB2;RARRES2;CTRB1;IGFBP2;CXCL17;PRSS3P2;CEL;LYZ;C3;TMSB4X;ALB;LCN2;CCL2;ANGPTL4;PNLIP;CFB","Cellular Component","Delta",24
"86","digestion (GO:0007586)","6/66",2.18260075110703e-07,0.000288539819296349,0,0,27.5861111111111,423.104144128183,"CELA3A;PRSS1;CTRB2;CTRB1;CEL;PNLIP","Biological Process","Delta",6
"87","glutathione transferase activity (GO:0004364)","4/25",2.54394299151068e-06,0.000400439002651246,0,0,51.2252252252252,659.872866661121,"GSTP1;GSTA2;GSTA1;MGST1","Molecular Function","Delta",4
"88","serine-type endopeptidase activity (GO:0004252)","7/167",4.00564903412845e-06,0.000400439002651246,0,0,12.1772887323944,151.336968998639,"CELA3A;PRSS1;CELA2A;CTRB2;CTRB1;PRSS3P2;CFB","Molecular Function","Delta",7
"89","antioxidant activity (GO:0016209)","5/70",7.86562718262531e-06,0.000400439002651246,0,0,20.9241306638567,245.92148096783,"GPX2;ALB;MGST1;SOD2;DUOX2","Molecular Function","Delta",5
"90","serine-type peptidase activity (GO:0008236)","7/188",8.72319809178643e-06,0.000400439002651246,0,0,10.7530153295463,125.267516967414,"CELA3A;PRSS1;CELA2A;CTRB2;CTRB1;PRSS3P2;CFB","Molecular Function","Delta",7
"91","serine hydrolase activity (GO:0017171)","7/191",9.67243967756632e-06,0.000400439002651246,0,0,10.5760869565217,122.113932361237,"CELA3A;PRSS1;CELA2A;CTRB2;CTRB1;PRSS3P2;CFB","Molecular Function","Delta",7
"92","cellular modified amino acid metabolic process (GO:0006575)","8/199",1.07812129517717e-06,0.000582083673734529,0,0,11.8061331338818,162.219699804122,"GATM;PLA2G1B;GSTP1;GSTA2;GSTA1;MGST1;SOD2;DUOX2","Biological Process","Delta",8
"93","glutathione metabolic process (GO:0006749)","5/49",1.32091605234765e-06,0.000582083673734529,0,0,30.9433374844334,418.885686612718,"GSTP1;GSTA2;GSTA1;MGST1;SOD2","Biological Process","Delta",5
"94","response to nutrient (GO:0007584)","7/163",3.41187636978765e-06,0.000773045580224279,0,0,12.4920548934633,157.25308706391,"GATM;IGFBP2;ALB;AKR1C3;CYP1A1;CCL2;SOD2","Biological Process","Delta",7
"95","glutathione derivative biosynthetic process (GO:1901687)","4/27",3.50852759557161e-06,0.000773045580224279,0,0,46.7661574618096,587.397626827168,"GSTP1;GSTA2;GSTA1;MGST1","Biological Process","Delta",4
"96","glutathione derivative metabolic process (GO:1901685)","4/27",3.50852759557161e-06,0.000773045580224279,0,0,46.7661574618096,587.397626827168,"GSTP1;GSTA2;GSTA1;MGST1","Biological Process","Delta",4
"97","blood microparticle (GO:0072562)","6/161",3.9455086576251e-05,0.000946922077830023,0,0,10.6274193548387,107.765726154444,"C3;SERPINA3;PRSS1;ALB;ANGPTL4;CFB","Cellular Component","Delta",6
"98","peptide metabolic process (GO:0006518)","6/113",5.25017207566489e-06,0.000991532497718427,0,0,15.4322429906542,187.613631554581,"ANPEP;GSTP1;GSTA2;GSTA1;MGST1;SOD2","Biological Process","Delta",6
"99","hydrogen peroxide metabolic process (GO:0042743)","4/33",8.03670248272579e-06,0.00132806508527044,0,0,37.0792171481827,434.994528137344,"DUOXA2;CYP1A1;SOD2;DUOX2","Biological Process","Delta",4
"100","transferase activity, transferring alkyl or aryl (other than methyl) groups (GO:0016765)","4/54",5.83754747347677e-05,0.00201395387834949,0,0,21.4832432432432,209.431861088996,"GSTP1;GSTA2;GSTA1;MGST1","Molecular Function","Delta",4
"101","retinoid metabolic process (GO:0001523)","5/81",1.61042499020509e-05,0.00236553537450126,0,0,17.8857245854362,197.394500020326,"SDC4;RARRES2;AKR1C3;CYP1A1;PNLIP","Biological Process","Delta",5
"102","diterpenoid metabolic process (GO:0016101)","5/87",2.28054195990125e-05,0.0028429757038187,0,0,16.5720013364517,177.130040924675,"SDC4;RARRES2;AKR1C3;CYP1A1;PNLIP","Biological Process","Delta",5
"103","epithelial cell differentiation (GO:0030855)","8/303",2.36556223464491e-05,0.0028429757038187,0,0,7.6036803874092,80.9937171779515,"MUC1;ANXA4;GSTA2;GSTA1;AKR1C3;CYP1A1;CD24;SOX4","Biological Process","Delta",8
"104","viral transcription (GO:0019083)","22/84",1.21524467912326e-23,2.72457857059435e-20,0,0,31.7677419354839,1676.20939104856,"RPL4;RPL3;RPL21;RPL34;RPLP1;RPS6;RPL36A;RPS3A;RPSA;RPL23A;RPL6;RPS26;RPS25;RPS17;RPS18;RPS3;RPL24;RPL26;RPS10;RPL17;RPL19;RPS23","Biological Process","Ductal",22
"105","translational elongation (GO:0006414)","24/114",3.22623656300635e-23,3.61661118713012e-20,0,0,24.0587155963303,1245.95615153296,"RPL4;RPL3;RPL21;RPL34;RPLP1;RPS6;RPL36A;RPSA;RPS3A;RPL23A;RPL6;RPS26;EEF1G;RPS25;RPS17;RPS18;EEF1A2;RPS3;RPL24;RPL26;RPS10;RPL17;RPS23;RPL19","Biological Process","Ductal",24
"106","translational termination (GO:0006415)","22/89",4.95354588344825e-23,3.70194995689699e-20,0,0,29.389552238806,1509.42840201182,"RPL4;RPL3;RPL21;RPL34;RPLP1;RPS6;RPL36A;RPS3A;RPSA;RPL23A;RPL6;RPS26;RPS25;RPS17;RPS18;RPS3;RPL24;RPL26;RPS10;RPL17;RPL19;RPS23","Biological Process","Ductal",22
"107","SRP-dependent cotranslational protein targeting to membrane (GO:0006614)","23/108",2.04026574797982e-22,1.14356895174269e-19,0,0,24.3072253558958,1213.9950067343,"RPL4;RPL3;RPL21;RPL34;RPLP1;RPS6;RPL36A;RPSA;RPS3A;RPL23A;RPL6;RPS26;RPS25;SEC61A1;RPS17;RPS18;RPS3;RPL24;RPL26;RPS10;RPL17;RPS23;RPL19","Biological Process","Ductal",23
"108","cotranslational protein targeting to membrane (GO:0006613)","23/110",3.20111399546982e-22,1.43537951556867e-19,0,0,23.7460242481499,1175.27083949021,"RPL4;RPL3;RPL21;RPL34;RPLP1;RPS6;RPL36A;RPSA;RPS3A;RPL23A;RPL6;RPS26;RPS25;SEC61A1;RPS17;RPS18;RPS3;RPL24;RPL26;RPS10;RPL17;RPS23;RPL19","Biological Process","Ductal",23
"109","protein targeting to ER (GO:0045047)","23/111",3.99528356109357e-22,1.49290429066196e-19,0,0,23.4749896222499,1156.65399575181,"RPL4;RPL3;RPL21;RPL34;RPLP1;RPS6;RPL36A;RPSA;RPS3A;RPL23A;RPL6;RPS26;RPS25;SEC61A1;RPS17;RPS18;RPS3;RPL24;RPL26;RPS10;RPL17;RPS23;RPL19","Biological Process","Ductal",23
"110","establishment of protein localization to endoplasmic reticulum (GO:0072599)","23/115",9.47562180665843e-22,3.03490629864689e-19,0,0,22.4497716894977,1086.75190802546,"RPL4;RPL3;RPL21;RPL34;RPLP1;RPS6;RPL36A;RPSA;RPS3A;RPL23A;RPL6;RPS26;RPS25;SEC61A1;RPS17;RPS18;RPS3;RPL24;RPL26;RPS10;RPL17;RPS23;RPL19","Biological Process","Ductal",23
"111","protein localization to endoplasmic reticulum (GO:0070972)","23/118",1.7701667278729e-21,4.9608922548638e-19,0,0,21.7375150204278,1038.68831496769,"RPL4;RPL3;RPL21;RPL34;RPLP1;RPS6;RPL36A;RPSA;RPS3A;RPL23A;RPL6;RPS26;RPS25;SEC61A1;RPS17;RPS18;RPS3;RPL24;RPL26;RPS10;RPL17;RPS23;RPL19","Biological Process","Ductal",23
"112","translational initiation (GO:0006413)","24/139",4.75804645090833e-21,1.18528223810405e-18,0,0,18.804627044276,879.952175823896,"RPL4;EIF4A2;RPL3;RPL21;RPL34;RPLP1;RPS6;RPL36A;RPSA;RPS3A;RPL23A;RPL6;RPS26;RPS25;RPS17;RPS18;EIF3L;RPS3;RPL24;RPL26;RPS10;RPL17;RPS23;RPL19","Biological Process","Ductal",24
"113","cellular protein complex disassembly (GO:0043624)","22/113",1.40035156217198e-20,3.13958820238957e-18,0,0,21.6120879120879,987.996135082932,"RPL4;RPL3;RPL21;RPL34;RPLP1;RPS6;RPL36A;RPSA;RPS3A;RPL23A;RPL6;RPS26;RPS25;RPS17;RPS18;RPS3;RPL24;RPL26;RPS10;RPL17;RPS23;RPL19","Biological Process","Ductal",22
"114","nuclear-transcribed mRNA catabolic process, nonsense-mediated decay (GO:0000184)","22/117",3.12561136053485e-20,6.37056424574467e-18,0,0,20.6978947368421,929.585337850986,"RPL4;RPL3;RPL21;RPL34;RPLP1;RPS6;RPL36A;RPSA;RPS3A;RPL23A;RPL6;RPS26;RPS25;RPS17;RPS18;RPS3;RPL24;RPL26;RPS10;RPL17;RPS23;RPL19","Biological Process","Ductal",22
"115","viral life cycle (GO:0019058)","22/118",3.80135748535469e-20,7.10220290180434e-18,0,0,20.48125,915.846612848087,"RPL4;RPL3;RPL21;RPL34;RPLP1;RPS6;RPL36A;RPSA;RPS3A;RPL23A;RPL6;RPS26;RPS25;RPS17;RPS18;RPS3;RPL24;RPL26;RPS10;RPL17;RPS23;RPL19","Biological Process","Ductal",22
"116","ribosomal subunit (GO:0044391)","23/135",4.44295697029887e-20,1.1907124680401e-17,0,0,18.4221298108284,820.897136480725,"RPL4;RPL3;RPL21;RPL34;RPLP1;RPS6;RPL36A;RPSA;RPS3A;RPL23A;MRPL23;RPL6;RPS26;RPS25;RPS17;RPS18;RPS3;RPL24;RPL26;RPS10;RPL17;RPS23;RPL19","Cellular Component","Ductal",23
"117","protein complex disassembly (GO:0043241)","22/132",4.88369401160999e-19,8.42249382617662e-17,0,0,17.8618181818182,753.11167785789,"RPL4;RPL3;RPL21;RPL34;RPLP1;RPS6;RPL36A;RPSA;RPS3A;RPL23A;RPL6;RPS26;RPS25;RPS17;RPS18;RPS3;RPL24;RPL26;RPS10;RPL17;RPS23;RPL19","Biological Process","Ductal",22
"118","protein targeting to membrane (GO:0006612)","23/156",1.31127717615607e-18,2.0999167349585e-16,0,0,15.4967899200055,638.088539308635,"RPL4;RPL3;RPL21;RPL34;RPLP1;RPS6;RPL36A;RPSA;RPS3A;RPL23A;RPL6;RPS26;RPS25;SEC61A1;RPS17;RPS18;RPS3;RPL24;RPL26;RPS10;RPL17;RPS23;RPL19","Biological Process","Ductal",23
"119","macromolecular complex disassembly (GO:0032984)","22/142",2.51332941593957e-18,3.75658970035768e-16,0,0,16.365,663.190370445795,"RPL4;RPL3;RPL21;RPL34;RPLP1;RPS6;RPL36A;RPSA;RPS3A;RPL23A;RPL6;RPS26;RPS25;RPS17;RPS18;RPS3;RPL24;RPL26;RPS10;RPL17;RPS23;RPL19","Biological Process","Ductal",22
"120","cytosolic part (GO:0044445)","24/198",2.39221990986139e-17,3.20557467921427e-15,0,0,12.3910155014236,474.225535429992,"RPL4;RPL3;RPL21;RPL34;RPLP1;RPS6;RPL36A;RPSA;RPS3A;RPL23A;ENO1;ENO2;RPL6;RPS26;RPS25;RPS17;RPS18;RPS3;RPL24;RPL26;RPS10;RPL17;RPS23;RPL19","Cellular Component","Ductal",24
"121","nuclear-transcribed mRNA catabolic process (GO:0000956)","23/183",5.03638485372163e-17,7.05723427627743e-15,0,0,12.8639840182648,482.750047767452,"RPL4;EIF4A2;RPL3;RPL21;RPL34;RPLP1;RPS6;RPL36A;RPSA;RPS3A;RPL23A;RPL6;RPS26;RPS25;RPS17;RPS18;RPS3;RPL24;RPL26;RPS10;RPL17;RPS23;RPL19","Biological Process","Ductal",23
"122","establishment of protein localization to membrane (GO:0090150)","25/229",6.30728652880985e-17,8.31819788093628e-15,0,0,11.0429655733261,411.927363435545,"RPL4;RPL3;RPL34;RPLP1;RPL36A;RPL6;SEC61A1;RPS17;RPS18;RPS3;RPS10;RPL17;RPL19;WNT4;RPL21;HSPA4;RPS6;RPSA;RPS3A;RPL23A;RPS26;RPS25;RPL24;RPL26;RPS23","Biological Process","Ductal",25
"123","structural constituent of ribosome (GO:0003735)","22/160",3.51151234737915e-17,1.56964601927848e-14,0,0,14.2173913043478,538.667096701833,"RPL4;RPL3;RPL21;RPL34;RPLP1;RPS6;RPL36A;RPSA;RPS3A;RPL23A;MRPL23;RPL6;RPS26;RPS25;RPS17;RPS18;RPS3;RPL24;RPL26;RPL17;RPS23;RPL19","Molecular Function","Ductal",22
"124","angiogenesis (GO:0001525)","38/236",1.44971676889121e-26,4.23752211546899e-23,0,0,12.7981181679812,761.434844732707,"ACVRL1;NRP1;CLIC4;NRP2;ROBO4;RAMP2;NOTCH1;FLT1;PLXND1;FLT4;ITGB3;SERPINE1;ETS1;THBS1;RASIP1;ELK3;DLL4;ESM1;HEY1;SOX18;KDR;S1PR1;CD34;EPHB4;EGFL7;ANGPT2;MCAM;MMP2;TIE1;FZD6;HSPG2;PGF;EFNA1;PTPRB;COL4A2;MMRN2;ACKR3;ITGA5","Biological Process","Endothelial",38
"125","regulation of vasculature development (GO:1901342)","27/197",2.60924269403432e-17,3.81340819733115e-14,0,0,10.221316249272,390.299801443816,"ACVRL1;RAMP2;SPARC;NOTCH1;FLT1;PLXND1;NPR1;SERPINE1;PDGFB;PTPRM;ETS1;THBS1;HDAC7;DLL4;HEY1;KDR;CD34;ANGPT2;SPHK1;TIE1;PGF;TNFRSF1A;TGFBR2;EFNA1;RGCC;COL4A2;MMRN2","Biological Process","Endothelial",27
"126","regulation of angiogenesis (GO:0045765)","25/179",2.59655887359531e-16,2.52991386250637e-13,0,0,10.3874813710879,372.777355848932,"ACVRL1;RAMP2;SPARC;NOTCH1;FLT1;PLXND1;NPR1;SERPINE1;PTPRM;ETS1;THBS1;HDAC7;DLL4;KDR;CD34;ANGPT2;SPHK1;TIE1;PGF;TNFRSF1A;TGFBR2;EFNA1;RGCC;COL4A2;MMRN2","Biological Process","Endothelial",25
"127","regulation of endothelial cell migration (GO:0010594)","19/92",6.21152822366804e-16,3.69066153512233e-13,0,0,16.4006078491829,574.266538127559,"ACVRL1;NRP1;NRP2;SPARC;NOTCH1;ANGPT2;FLT4;ITGB3;PDGFB;PTPRM;STC1;ETS1;THBS1;HDAC7;DLL4;EFNA1;RGCC;MMRN2;KDR","Biological Process","Endothelial",19
"128","negative regulation of locomotion (GO:0040013)","26/204",6.31313981375699e-16,3.69066153512233e-13,0,0,9.36561206386753,327.784512378029,"IFITM3;ACVRL1;NRP1;IFITM1;CLIC4;ROBO4;IFITM2;NOTCH1;SERPINE1;PDGFB;STC1;PTPRM;SEMA3F;THBS1;PTPRG;DLL4;DPYSL3;EGFL7;ANGPT2;TIE1;ARAP3;BST2;RGCC;DLC1;MMRN2;ENG","Biological Process","Endothelial",26
"129","regulation of epithelial cell migration (GO:0010632)","21/129",2.86635434426297e-15,1.39639229138011e-12,0,0,12.3097806544408,412.202058268941,"ACVRL1;NRP1;NRP2;SPARC;NOTCH1;ANGPT2;FLT4;ITGB3;PDGFB;STC1;PTPRM;ETS1;THBS1;PTPRG;TGFBR2;HDAC7;EFNA1;DLL4;RGCC;MMRN2;KDR","Biological Process","Endothelial",21
"130","negative regulation of cellular component movement (GO:0051271)","24/183",4.46157693220178e-15,1.86302705326083e-12,0,0,9.62436798618819,318.020629590977,"ACVRL1;NRP1;IFITM1;CLIC4;ROBO4;EGFL7;NOTCH1;ANGPT2;TIE1;SERPINE1;PDGFB;STC1;PTPRM;ARAP3;SEMA3F;THBS1;PTPRG;BST2;DLL4;RGCC;DLC1;DPYSL3;MMRN2;ENG","Biological Process","Endothelial",24
"131","extracellular matrix organization (GO:0030198)","32/359",8.67423723784785e-15,3.04682490572017e-12,0,0,6.35198982000287,205.667387872081,"RAMP2;SPARC;COL13A1;ITGB3;LAMA4;SERPINE1;ICAM2;PDGFB;LAMC1;NID1;THBS1;ICAM1;ADAMTS4;KDR;SERPINH1;A2M;VWF;FOXF1;MMP2;ITGA1;HSPG2;SULF2;FKBP1A;MYO1E;COL4A2;COL4A1;PXDN;PECAM1;VWA1;ITGA5;GAS6;ENG","Biological Process","Endothelial",32
"132","extracellular structure organization (GO:0043062)","32/360",9.38126040078055e-15,3.04682490572017e-12,0,0,6.33229661155672,204.533574864342,"RAMP2;SPARC;COL13A1;ITGB3;LAMA4;SERPINE1;ICAM2;PDGFB;LAMC1;NID1;THBS1;ICAM1;ADAMTS4;KDR;SERPINH1;A2M;VWF;FOXF1;MMP2;ITGA1;HSPG2;SULF2;FKBP1A;MYO1E;COL4A2;COL4A1;PXDN;PECAM1;VWA1;ITGA5;GAS6;ENG","Biological Process","Endothelial",32
"133","growth factor binding (GO:0019838)","20/123",1.36359647833465e-14,6.99524993385677e-12,0,0,12.2561854055747,391.291779549241,"ACVRL1;NRP1;NRP2;FLT1;IGFBP4;HTRA3;INSR;FLT4;PDGFB;HTRA1;CRIM1;THBS1;TGFBR2;ESM1;COL4A1;PXDN;KDR;CD36;A2M;ENG","Molecular Function","Endothelial",20
"134","negative regulation of cell migration (GO:0030336)","22/166",5.10131585629637e-14,1.49111462479543e-11,0,0,9.68551587301587,296.441608784088,"ACVRL1;IFITM1;CLIC4;ROBO4;EGFL7;NOTCH1;ANGPT2;TIE1;SERPINE1;PDGFB;STC1;PTPRM;ARAP3;THBS1;PTPRG;BST2;DLL4;RGCC;DLC1;DPYSL3;MMRN2;ENG","Biological Process","Endothelial",22
"135","negative regulation of cell motility (GO:2000146)","22/170",8.41159263788284e-14,2.23518957095741e-11,0,0,9.42181467181467,283.658621605099,"ACVRL1;IFITM1;CLIC4;ROBO4;EGFL7;NOTCH1;ANGPT2;TIE1;SERPINE1;PDGFB;STC1;PTPRM;ARAP3;THBS1;PTPRG;BST2;DLL4;RGCC;DLC1;DPYSL3;MMRN2;ENG","Biological Process","Endothelial",22
"136","vasculogenesis (GO:0001570)","15/67",2.12240031868103e-13,5.16981344292054e-11,0,0,17.9652014652015,524.243595547853,"EGFL7;RAMP2;NOTCH1;FZD4;FOXF1;TIE1;RASIP1;TGFBR2;HDAC7;MYO1E;HEY1;SOX18;KDR;ACKR3;ENG","Biological Process","Endothelial",15
"137","cell surface (GO:0009986)","33/437",3.62212650820221e-13,9.70729904198194e-11,0,0,5.2986798679868,151.788870867442,"ACVRL1;NRP1;CLIC4;RAMP2;PLVAP;SPARC;RAMP3;NOTCH1;NOTCH4;ITGB3;PDGFB;CXCR4;SLC7A11;THBS1;ICAM1;THBD;LGALS1;GPR116;CD36;TNFRSF4;ADAMTS7;CD93;FZD4;ITGA1;LAYN;SULF2;TNFRSF1A;BST2;TSPAN14;ACKR3;ITGA5;VAMP5;ENG","Cellular Component","Endothelial",33
"138","positive regulation of cell migration (GO:0030335)","26/280",1.22635521810482e-12,2.75741254040029e-10,0,0,6.53771239121426,179.309671584389,"NRP1;NRP2;PLVAP;SPARC;NOTCH1;FLT1;FLT4;ITGB3;SERPINE1;PDGFB;ETS1;THBS1;ICAM1;HDAC7;PODXL;KDR;S1PR1;TNFRSF14;FOXF1;INSR;SPHK1;TGFBR2;KIT;SNAI1;ITGA5;GAS6","Biological Process","Endothelial",26
"139","positive regulation of cell motility (GO:2000147)","26/287",2.16450147639787e-12,4.51916986822212e-10,0,0,6.36007763662029,170.824250680997,"NRP1;NRP2;PLVAP;SPARC;NOTCH1;FLT1;FLT4;ITGB3;SERPINE1;PDGFB;ETS1;THBS1;ICAM1;HDAC7;PODXL;KDR;S1PR1;TNFRSF14;FOXF1;INSR;SPHK1;TGFBR2;KIT;SNAI1;ITGA5;GAS6","Biological Process","Endothelial",26
"140","leukocyte migration (GO:0050900)","23/226",3.84454585554424e-12,7.49173835717055e-10,0,0,7.1844322138605,188.838243174176,"YES1;FLT1;ANGPT2;ITGB3;ITGA1;PDGFB;CXCR4;MSN;SLC7A11;ICAM1;PREX1;THBD;PODXL;DPYSL3;KIT;PDE4B;PECAM1;S1PR1;ESAM;ITGA5;GAS6;CD34;NKX2-3","Biological Process","Endothelial",23
"141","external side of plasma membrane (GO:0009897)","21/191",7.72093382567687e-12,7.72054630505646e-10,0,0,7.79554540262707,199.465289054015,"SEMA7A;ROBO4;ACE;VWF;MCAM;ITGA1;C10ORF54;CXCR4;THBS1;ICAM1;TGFBR2;KIT;KDR;S1PR1;CD9;TNFRSF14;CD36;ITGA5;TNFRSF4;CD34;ENG","Cellular Component","Endothelial",21
"142","side of membrane (GO:0098552)","23/235",8.64240258028708e-12,7.72054630505646e-10,0,0,6.87625222789011,175.167990585158,"ROBO4;SEMA7A;ACE;JUP;VWF;MCAM;ITGA1;C10ORF54;CXCR4;THBS1;ICAM1;TGFBR2;TRAF6;KIT;KDR;S1PR1;CD9;TNFRSF14;CD36;ITGA5;CD34;TNFRSF4;ENG","Cellular Component","Endothelial",23
"143","positive regulation of cellular component movement (GO:0051272)","26/296",4.38350035741944e-12,8.00810721546065e-10,0,0,6.14522417153996,160.717114214895,"NRP1;NRP2;PLVAP;SPARC;NOTCH1;FLT1;FLT4;ITGB3;SERPINE1;PDGFB;ETS1;THBS1;ICAM1;HDAC7;PODXL;KDR;S1PR1;TNFRSF14;FOXF1;INSR;SPHK1;TGFBR2;KIT;SNAI1;ITGA5;GAS6","Biological Process","Endothelial",26
"144","extracellular vesicular exosome (GO:0070062)","199/2717",9.03077687602155e-62,3.16980268348356e-59,0,0,5.7831680569428,812.880004928562,"IFITM3;CLDN2;F11R;SLC4A4;ACTB;AQP1;ICAM1;C4B;LGALS3;C4A;BAIAP2L1;RPS19;FTH1;NAMPT;TNFSF10;PRSS8;LGALS9;PRKCD;KRT8;HLA-B;KRT7;HLA-C;ACTN4;HSPG2;RNASE1;CLDN3;SPINT1;SLPI;SERPING1;TAGLN2;CFB;CFTR;TTYH3;TMEM63A;SDC4;CFI;TWF2;PTTG1IP;MYL12A;MYL12B;C3;LDHA;SYNGR2;FLRT2;TSPAN8;RRAS;S100A16;PRDX1;MYO6;S100A13;S100A14;ARSD;S100A11;SPTBN1;S100A10;ST14;JUP;EHD4;VNN1;SDC1;SERPINA3;PIGR;COL18A1;TINAGL1;SLC44A4;SLC44A2;SERPINA4;WFDC2;PTPRF;SERPINA5;C1QTNF5;TIMP2;TSPO;CTSH;SH3BGRL3;CTSE;CTSD;SPTAN1;ANXA2;ANXA3;ANXA4;MYOF;TMC5;RHOC;TMC4;RHOB;VAMP8;GPRC5B;PLSCR1;GPRC5A;RAP2B;OAF;TAX1BP3;GAS6;CRYAB;PTMA;CD44;ARF6;GSTP1;TMPRSS2;PSMA7;FAM129B;GPC1;SPP1;FLNA;CD59;DUOX2;CD74;GSN;GOLM1;GDF15;DAB2IP;PDZK1IP1;GATM;KRT19;LRG1;KRT18;KRT17;RNF149;TRIP10;AGRN;CRB3;DEFB1;CIB1;ACTG1;PPP1CB;CDH1;PLAU;CAPN2;CHP1;CAPN1;TGM2;TPM4;IGFBP3;APLP2;OLFM4;ATP1B1;ALDH3A2;SCNN1A;S100A6;CMPK1;ADAM9;IL6ST;SQSTM1;ARL8A;PPIC;TACSTD2;NDRG2;CNN2;SLC9A3R1;IGFBP7;MPST;VCAM1;AMBP;TMEM132A;IDH2;EFNA1;MOB1A;TRPV6;LCN2;SERINC2;ITGB1;CPM;ITGB4;SLC2A1;HSPB1;TNFAIP3;HEBP1;ITGB8;ITGB6;MMP7;ITGA3;PLAUR;LSR;YWHAZ;ALDH1A3;TMBIM1;MYH9;DSG2;CREB5;B4GALT5;MVP;SEMA3B;ATP1A1;MAT2B;MUC1;GNG5;SH3BP4;MAL2;STOM;SLC12A2;MARCKSL1;NDUFA4;SOD2;TSPAN15;MYO1C;PIK3IP1;CD9;PVRL2","Cellular Component","Epsilon",199
"145","anchoring junction (GO:0070161)","54/419",1.87832215136724e-26,3.2964553756495e-24,0,0,7.51585127201566,445.215230502631,"ITGB1;TES;HSPB1;TRIOBP;ACTB;ICAM1;RND1;PPP1CB;RPS19;CDH1;PLAU;CAPN2;CHP1;CAPN1;SPTAN1;TGM2;CXADR;TPM4;ITGA3;PLAUR;SHROOM3;LMO7;ACTN4;HSPG2;YWHAZ;RHOB;ENAH;MMP14;CDC42EP1;ADAM9;MYH9;DSG2;ITGA5;CD44;ARF6;EPHA2;KRT80;CD151;SDC4;FBLIM1;FAM129B;CNN3;CNN2;LIMA1;FLRT2;RRAS;FLNA;CD59;GSN;JUP;ZYX;SDC1;CD9;PVRL2","Cellular Component","Epsilon",54
"146","adherens junction (GO:0005912)","52/405",2.04611639503996e-25,2.39395618219675e-23,0,0,7.44878485164753,423.453614501097,"ITGB1;TES;HSPB1;TRIOBP;ACTB;ICAM1;RND1;PPP1CB;RPS19;CDH1;PLAU;CAPN2;CHP1;CAPN1;SPTAN1;TGM2;CXADR;TPM4;ITGA3;PLAUR;SHROOM3;LMO7;ACTN4;HSPG2;YWHAZ;RHOB;ENAH;MMP14;CDC42EP1;ADAM9;MYH9;ITGA5;CD44;ARF6;EPHA2;CD151;SDC4;FBLIM1;FAM129B;CNN3;CNN2;LIMA1;FLRT2;RRAS;FLNA;CD59;GSN;JUP;ZYX;SDC1;CD9;PVRL2","Cellular Component","Epsilon",52
"147","extracellular space (GO:0005615)","84/1120",4.04641022078714e-24,3.55072496874071e-22,0,0,4.31780055917987,232.574925164154,"SERPINA3;PIGR;COL18A1;CXCL6;TINAGL1;CXCL8;TNFAIP2;HSPB1;ADM;DEFB1;LAMC2;CXCL1;CXCL2;SERPINA4;ACTB;CX3CL1;WFDC2;SERPINA5;CTGF;CXCL16;ICAM1;ACTG1;C4B;LGALS3;PLAU;LIPH;NAMPT;TIMP2;TNFSF10;CTSH;PRSS8;CTSD;EDN1;CXADR;IL4R;MMP7;ANXA2;IGFBP3;RALGAPA2;ACTN4;OLFM4;HSPG2;YWHAZ;GPRC5B;SPINT1;SFRP5;SERPING1;ADAM9;ANGPTL4;LTB;GAS6;IL6ST;CFB;GSTP1;CFI;TACSTD2;FSTL3;C3;MUC1;FLRT2;ERBB3;PRDX1;GPC1;S100A13;SPP1;CCL2;STOM;IGFBP7;CD59;S100A11;IL32;CMTM7;ST14;TGFB2;GSN;VCAM1;AMBP;GOLM1;GDF15;LIF;LRG1;LCN2;CD9;AGRN","Cellular Component","Epsilon",84
"148","cell-substrate junction (GO:0030055)","47/362",3.0102532263478e-23,2.11319776489616e-21,0,0,7.46148010719439,386.933204256805,"ITGB1;TES;CD151;SDC4;FBLIM1;ITGB4;HSPB1;ACTB;TRIOBP;ICAM1;CNN3;PPP1CB;CNN2;LIMA1;RPS19;FLRT2;RRAS;CDH1;PLAU;CAPN2;FLNA;CHP1;CD59;CAPN1;TGM2;GSN;JUP;TPM4;ITGA3;PLAUR;LMO7;ACTN4;HSPG2;YWHAZ;RHOB;ENAH;MMP14;ZYX;SDC1;CDC42EP1;ADAM9;CD9;ITGA5;PVRL2;CD44;EPHA2;ARF6","Cellular Component","Epsilon",47
"149","focal adhesion (GO:0005925)","46/352",6.86320176162442e-23,4.01497303055028e-21,0,0,7.50154085813946,382.828258126434,"ITGB1;TES;CD151;SDC4;FBLIM1;HSPB1;ACTB;TRIOBP;ICAM1;CNN3;PPP1CB;CNN2;LIMA1;RPS19;FLRT2;RRAS;CDH1;PLAU;CAPN2;FLNA;CHP1;CD59;CAPN1;TGM2;GSN;JUP;TPM4;ITGA3;PLAUR;LMO7;ACTN4;HSPG2;YWHAZ;RHOB;ENAH;MMP14;ZYX;SDC1;CDC42EP1;ADAM9;CD9;ITGA5;PVRL2;CD44;EPHA2;ARF6","Cellular Component","Epsilon",46
"150","cell-substrate adherens junction (GO:0005924)","46/358",1.40347830810756e-22,7.03744123065363e-21,0,0,7.35498870732031,370.087721495618,"ITGB1;TES;CD151;SDC4;FBLIM1;HSPB1;ACTB;TRIOBP;ICAM1;CNN3;PPP1CB;CNN2;LIMA1;RPS19;FLRT2;RRAS;CDH1;PLAU;CAPN2;FLNA;CHP1;CD59;CAPN1;TGM2;GSN;JUP;TPM4;ITGA3;PLAUR;LMO7;ACTN4;HSPG2;YWHAZ;RHOB;ENAH;MMP14;ZYX;SDC1;CDC42EP1;ADAM9;CD9;ITGA5;PVRL2;CD44;EPHA2;ARF6","Cellular Component","Epsilon",46
"151","regulation of cell adhesion (GO:0030155)","36/336",2.41965785427056e-15,4.11804474497284e-12,0,0,5.83878787878788,196.505283322547,"ITGB1;CXCL8;SDC4;ONECUT2;TACSTD2;CIB1;TRIOBP;CX3CL1;CYR61;ICAM1;FSTL3;RND1;PPP1CB;ERBB3;CDH1;PLAU;SPP1;PIEZO1;SOX9;S100A10;TGM2;TGFB2;GSN;SMAD3;ITGA3;RCC2;TESC;PRKCD;TPM1;OLFM4;EFNA1;MMP14;ADAM9;ITGA5;CD44;EPHA2","Biological Process","Epsilon",36
"152","extracellular matrix organization (GO:0030198)","37/359",3.38659569501294e-15,4.11804474497284e-12,0,0,5.59872631496187,186.543688858305,"ITGB1;COL18A1;CD151;SDC4;ITGB4;LAMC2;F11R;CYR61;ICAM1;LGALS3;CDH1;TIMP2;SPP1;ITGB8;SOX9;CAPN1;ITGB6;CTSD;TGFB2;VCAM1;MMP7;ANXA2;LAMB3;ITGA3;APLP2;HSPG2;MMP14;SPINT1;ELF3;MMP15;BCL3;SDC1;ADAM9;ITGA5;GAS6;AGRN;CD44","Biological Process","Epsilon",37
"153","extracellular structure organization (GO:0043062)","37/360",3.70105878817212e-15,4.11804474497284e-12,0,0,5.58110279421562,185.460924636776,"ITGB1;COL18A1;CD151;SDC4;ITGB4;LAMC2;F11R;CYR61;ICAM1;LGALS3;CDH1;TIMP2;SPP1;ITGB8;SOX9;CAPN1;ITGB6;CTSD;TGFB2;VCAM1;MMP7;ANXA2;LAMB3;ITGA3;APLP2;HSPG2;MMP14;SPINT1;ELF3;MMP15;BCL3;SDC1;ADAM9;ITGA5;GAS6;AGRN;CD44","Biological Process","Epsilon",37
"154","negative regulation of intracellular signal transduction (GO:1902532)","36/345",5.53308581314757e-15,4.61736011107165e-12,0,0,5.66607825831127,186.006191135855,"GSTP1;TNFAIP3;HSPB1;CIB1;NDRG2;HIF1A;LITAF;YBX3;SLC9A3R1;MUC1;RGS3;TMEM127;TIMP2;CHP1;SH3BP4;MCL1;DUSP4;DUSP5;CD74;AMBP;DUSP1;PRKCD;LIF;DAB2IP;OLFM4;SOD2;NFKBIA;VNN1;TNIP1;PIK3IP1;RNF149;SFRP5;DDIT4;CD44;EPHA2;BCL2L1","Biological Process","Epsilon",36
"155","cell junction organization (GO:0034330)","27/189",7.34590619668687e-15,4.90412697690815e-12,0,0,7.98600823045267,259.901708727223,"ITGB1;CD151;FBLIM1;ITGB4;LAMC2;F11R;CLDN1;ACTB;ACTG1;HDAC7;CDH1;PERP;FLNA;TGFB2;CXADR;SMAD3;JUP;LAMB3;RCC2;ACTN4;RHOC;VMP1;OCLN;CD9;ITGA5;PVRL2;CRB3","Biological Process","Epsilon",27
"156","positive regulation of cellular component movement (GO:0051272)","32/296",7.08768207803763e-14,3.9431137960816e-11,0,0,5.84969696969697,177.116147616651,"ITGB1;COL18A1;CXCL8;ONECUT2;HSPB1;CIB1;HIF1A;CYR61;AQP1;ICAM1;CXCL16;HDAC7;LGALS3;RPS19;CTSH;CCL2;SOX9;S100A14;CD74;EDN1;TGFB2;SMAD3;ANXA3;ITGA3;DAB2IP;ACTN4;DIAPH1;MMP14;MYO1C;ADAM9;ITGA5;GAS6","Biological Process","Epsilon",32
"157","cell surface (GO:0009986)","37/437",1.49885360665739e-12,6.57622019920932e-11,0,0,4.48870886075949,122.211026353632,"NOTCH2;ITGB1;CPM;SDC4;ITGB4;CX3CL1;ICAM1;MUC1;CDH1;PLAU;TIMP2;ITGB8;CD59;CD74;VCAM1;ANXA2;AMBP;TNFRSF12A;ITGA3;CAV2;ANXA4;HLA-B;HLA-C;VAMP8;TSPAN15;GPRC5B;ADAM9;SDC1;DSG2;ITGA5;AGRN;CD24;CRYAB;PVRL2;CFTR;CD44;EPHA2","Cellular Component","Epsilon",37
"158","negative regulation of phosphorylation (GO:0042326)","33/325",1.70712523612427e-13,8.14054862597543e-11,0,0,5.45977958595118,160.510942985152,"ERRFI1;CDKN1A;GSTP1;MVP;TNFAIP3;HSPB1;CIB1;NDRG2;SLC9A3R1;RGS3;CHP1;PMEPA1;DUSP4;WWTR1;DUSP5;JUN;CDKN2B;SMAD3;AMBP;GADD45A;DUSP1;TESC;IGFBP3;PRKCD;LIF;DAB2IP;TNIP1;PIK3IP1;RNF149;SFRP5;DDIT4;TRIB1;BIRC3","Biological Process","Epsilon",33
"159","positive regulation of cell migration (GO:0030335)","30/280",5.54398162274614e-13,2.31322633209083e-10,0,0,5.7665671641791,162.737676427535,"ITGB1;COL18A1;CXCL8;ONECUT2;HSPB1;CIB1;HIF1A;CYR61;AQP1;ICAM1;CXCL16;HDAC7;LGALS3;CTSH;CCL2;SOX9;S100A14;CD74;EDN1;TGFB2;SMAD3;ANXA3;ITGA3;DAB2IP;DIAPH1;MMP14;MYO1C;ADAM9;ITGA5;GAS6","Biological Process","Epsilon",30
"160","actin filament bundle (GO:0032432)","14/55",7.5837343716432e-12,2.79403307188098e-10,0,0,15.9515696113899,408.440185177757,"TPM4;FBLIM1;TPM1;ACTN4;MYL12A;MYL12B;ENAH;CNN2;SEPT9;LIMA1;MYO1C;ZYX;MYH9;CRYAB","Cellular Component","Epsilon",14
"161","plasma membrane region (GO:0098590)","34/395",7.96020818199709e-12,2.79403307188098e-10,0,0,4.54514957056752,116.158414811442,"ITGB4;TACSTD2;SLC2A1;ATP1A1;CLDN1;SLC4A4;AQP1;SLC9A3R1;MUC1;ERBB3;CDH1;SLC12A2;ST14;CXADR;JUP;ITGA3;CAV2;MYOF;SHROOM3;LMO7;ATP1B1;DHRS3;CLDN4;OCLN;MYO1C;KCNQ1;CLDN7;SCNN1A;ADAM9;CD9;DSG2;MUC20;CFTR;CD44","Cellular Component","Epsilon",34
"162","positive regulation of locomotion (GO:0040017)","31/304",8.46701308112266e-13,3.14032107386527e-10,0,0,5.46385866834745,151.881220171976,"ITGB1;COL18A1;CXCL8;ONECUT2;TMPRSS2;HSPB1;CIB1;HIF1A;CYR61;AQP1;ICAM1;CXCL16;HDAC7;LGALS3;CTSH;CCL2;SOX9;S100A14;CD74;EDN1;TGFB2;SMAD3;ANXA3;ITGA3;DAB2IP;DIAPH1;MMP14;MYO1C;ADAM9;ITGA5;GAS6","Biological Process","Epsilon",31
"163","positive regulation of cell motility (GO:2000147)","30/287",1.05454997849732e-12,3.52008782822405e-10,0,0,5.60746849410535,154.642244639621,"ITGB1;COL18A1;CXCL8;ONECUT2;HSPB1;CIB1;HIF1A;CYR61;AQP1;ICAM1;CXCL16;HDAC7;LGALS3;CTSH;CCL2;SOX9;S100A14;CD74;EDN1;TGFB2;SMAD3;ANXA3;ITGA3;DAB2IP;DIAPH1;MMP14;MYO1C;ADAM9;ITGA5;GAS6","Biological Process","Epsilon",30
"164","secretory granule lumen (GO:0034774)","4/62",4.81516065720935e-07,1.24319040762365e-05,0,0,80.815415821501,1175.56740378357,"PCSK2;SERPINA1;GCG;CLU","Cellular Component","Gamma",4
"165","vesicle lumen (GO:0031983)","4/76",1.0969327126091e-06,1.24319040762365e-05,0,0,65.0555555555556,892.756915036729,"PCSK2;SERPINA1;GCG;CLU","Cellular Component","Gamma",4
"166","cytoplasmic membrane-bounded vesicle lumen (GO:0060205)","4/76",1.0969327126091e-06,1.24319040762365e-05,0,0,65.0555555555556,892.756915036729,"PCSK2;SERPINA1;GCG;CLU","Cellular Component","Gamma",4
"167","extracellular region (GO:0005576)","10/1585",1.48624526172334e-06,1.26330847246484e-05,0,0,10.6227994227994,142.550081643582,"CFC1B;SERPINA1;TTR;GPX3;SCG5;GCG;SPINT2;CLU;CFC1;CHGB","Cellular Component","Gamma",10
"168","regulation of hormone levels (GO:0010817)","6/229",9.91814810288659e-08,3.07462591189484e-05,0,0,35.4367713004484,571.464519679858,"PCSK2;PCSK1N;TTR;VGF;ALDH1A1;SCG5","Biological Process","Gamma",6
"169","extracellular space (GO:0005615)","8/1120",9.96711923635531e-06,6.77764108072161e-05,0,0,10.4410625345877,120.241562312263,"PCSK2;PCSK1N;SERPINA1;TTR;VGF;GPX3;GCG;CLU","Cellular Component","Gamma",8
"170","hormone metabolic process (GO:0042445)","5/158",5.30513626430636e-07,8.22296120967485e-05,0,0,40.4942810457516,585.118882251918,"PCSK2;PCSK1N;TTR;ALDH1A1;SCG5","Biological Process","Gamma",5
"171","hormone activity (GO:0005179)","4/122",7.27821841897514e-06,0.000385745576205683,0,0,39.6031904287139,468.53047291953,"TTR;VGF;GCG;CHGB","Molecular Function","Gamma",4
"172","peptide hormone processing (GO:0016486)","3/33",5.33363816471346e-06,0.000551142610353724,0,0,110.827777777778,1345.61291154092,"PCSK2;PCSK1N;SCG5","Biological Process","Gamma",3
"173","response to dietary excess (GO:0002021)","2/8",2.92883949264975e-05,0.00226985060680356,0,0,350.40350877193,3657.62367265872,"PCSK1N;VGF","Biological Process","Gamma",2
"174","cytoplasmic vesicle part (GO:0044433)","4/363",0.000500232602095473,0.00283465141187435,0,0,12.8592495494019,97.7359207421672,"PCSK2;SERPINA1;GCG;CLU","Cellular Component","Gamma",4
"175","serine-type endopeptidase inhibitor activity (GO:0004867)","3/98",0.00014230610501503,0.0037711117828983,0,0,34.8842105263158,308.987946543374,"PCSK1N;SERPINA1;SPINT2","Molecular Function","Gamma",3
"176","secretory granule (GO:0030141)","3/176",0.000792868677864663,0.00385107643534265,0,0,19.0809248554913,136.234997651157,"PCSK1N;SCG5;CHGB","Cellular Component","Gamma",3
"177","platelet alpha granule lumen (GO:0031093)","2/48",0.00115044170033565,0.0048893772264265,0,0,45.6132723112128,308.692806950518,"SERPINA1;CLU","Cellular Component","Gamma",2
"178","enzyme inhibitor activity (GO:0004857)","4/336",0.000373535835299385,0.00659913309028914,0,0,13.9241672572644,109.896442922612,"PCSK1N;SERPINA1;SCG5;SPINT2","Molecular Function","Gamma",4
"179","endopeptidase inhibitor activity (GO:0004866)","3/166",0.000669062375122611,0.00666308552589973,0,0,20.2617586912065,148.106025353375,"PCSK1N;SERPINA1;SPINT2","Molecular Function","Gamma",3
"180","endopeptidase regulator activity (GO:0061135)","3/171",0.000729285749659987,0.00666308552589973,0,0,19.6537698412698,141.967924074338,"PCSK1N;SERPINA1;SPINT2","Molecular Function","Gamma",3
"181","peptidase inhibitor activity (GO:0030414)","3/173",0.000754311568969781,0.00666308552589973,0,0,19.4205882352941,139.628301384295,"PCSK1N;SERPINA1;SPINT2","Molecular Function","Gamma",3
"182","peptidase regulator activity (GO:0061134)","3/209",0.00130201327429338,0.00985810050536416,0,0,15.997572815534,106.285370805172,"PCSK1N;SERPINA1;SPINT2","Molecular Function","Gamma",3
"183","hormone binding (GO:0042562)","2/62",0.00191163326183499,0.0126645703596568,0,0,34.9456140350877,218.752460083651,"TTR;ALDH1A1","Molecular Function","Gamma",2
"184","regulation of cell activation (GO:0050865)","42/420",4.42157137814653e-23,1.12175265863577e-19,0,0,8.59111111111111,442.209935678696,"CD86;SASH3;LST1;PLEK;CD1D;SAMSN1;AIF1;CORO1A;PRAM1;PYCARD;HLA-DMA;LGALS1;HLA-DMB;RPS6KA1;PDPN;HMOX1;SLAMF7;NCKAP1L;CD37;VSIG4;APOE;TNFAIP8L2;HLA-DOA;HLA-DPA1;CD74;HLA-DRB5;FCER1G;SYK;CD300A;NFATC2;IGF1;UNC13D;PTPRC;CD209;AXL;GPR183;HLA-DPB1;HLA-DRA;PTPN6;HLA-DRB1;LAT;HLA-DQB1","Biological Process","Macrophage",42
"185","regulation of leukocyte activation (GO:0002694)","38/390",1.50950287291418e-20,1.91480439429164e-17,0,0,8.22664638511095,375.463495113627,"CD86;SASH3;LST1;CD1D;SAMSN1;AIF1;CORO1A;PRAM1;PYCARD;HLA-DMA;LGALS1;HLA-DMB;HMOX1;SLAMF7;NCKAP1L;CD37;VSIG4;TNFAIP8L2;HLA-DOA;HLA-DPA1;CD74;HLA-DRB5;FCER1G;SYK;CD300A;NFATC2;IGF1;UNC13D;PTPRC;CD209;AXL;GPR183;HLA-DPB1;HLA-DRA;PTPN6;HLA-DRB1;LAT;HLA-DQB1","Biological Process","Macrophage",38
"186","regulation of lymphocyte activation (GO:0051249)","33/344",9.47602465277018e-18,8.01355818135931e-15,0,0,7.94672807856088,311.493993935177,"CD86;SASH3;LST1;CD1D;SAMSN1;AIF1;CORO1A;PYCARD;HLA-DMA;LGALS1;HLA-DMB;SLAMF7;NCKAP1L;VSIG4;TNFAIP8L2;HLA-DOA;HLA-DPA1;CD74;HLA-DRB5;SYK;CD300A;NFATC2;IGF1;PTPRC;CD209;AXL;GPR183;HLA-DPB1;HLA-DRA;PTPN6;HLA-DRB1;LAT;HLA-DQB1","Biological Process","Macrophage",33
"187","activation of immune response (GO:0002253)","37/487",1.92040530450603e-16,1.21801706438295e-13,0,0,6.20955119825708,224.716363058328,"C1QB;CD86;C1QA;WIPF1;UNC93B1;C5AR1;ITGB2;WAS;CTSS;FYB;PYCARD;CLEC7A;RPS6KA1;NCKAP1L;VSIG4;CD14;CD36;HLA-DPA1;CTSB;HLA-DRB5;FCER1G;SYK;NFATC2;DUSP6;LAT2;HCK;PTPRC;FCGR2A;THEMIS2;HLA-DPB1;HLA-DRA;LCP2;PTPN6;HLA-DRB1;LAT;HLA-DQB1;C1QC","Biological Process","Macrophage",37
"188","positive regulation of cell activation (GO:0050867)","28/272",5.26572101357607e-16,2.6718268422885e-13,0,0,8.46050670640835,297.64183922772,"CD86;SASH3;PLEK;CD1D;AIF1;CORO1A;PYCARD;HLA-DMA;LGALS1;HLA-DMB;RPS6KA1;PDPN;NCKAP1L;HLA-DPA1;CD74;HLA-DRB5;FCER1G;SYK;NFATC2;IGF1;PTPRC;AXL;GPR183;HLA-DPB1;HLA-DRA;PTPN6;HLA-DRB1;HLA-DQB1","Biological Process","Macrophage",28
"189","regulation of T cell activation (GO:0050863)","27/259",1.30820267484272e-15,5.53151697679329e-13,0,0,8.55322055953155,293.119913810291,"CD86;SASH3;CD1D;AIF1;CORO1A;PYCARD;HLA-DMA;LGALS1;HLA-DMB;NCKAP1L;VSIG4;TNFAIP8L2;HLA-DOA;HLA-DPA1;CD74;HLA-DRB5;SYK;CD300A;IGF1;PTPRC;CD209;HLA-DPB1;HLA-DRA;PTPN6;HLA-DRB1;LAT;HLA-DQB1","Biological Process","Macrophage",27
"190","antigen processing and presentation (GO:0019882)","25/225",3.48169960930028e-15,1.22542629194554e-12,0,0,9.13295880149813,304.047667916961,"NCF1;ITGB5;UNC93B1;NCF4;CD1D;IFI30;CTSS;HLA-DMA;HLA-DMB;FCGRT;CD36;HLA-DOA;CTSD;HLA-DPA1;RAB8B;CD74;HLA-DRB5;FCER1G;SLC11A1;CYBB;CD209;HLA-DPB1;HLA-DRA;HLA-DRB1;HLA-DQB1","Biological Process","Macrophage",25
"191","leukocyte migration (GO:0050900)","25/226",3.86417435378965e-15,1.22542629194554e-12,0,0,9.0870553599046,301.572363910438,"CD84;DOCK8;C5AR1;ITGB2;CORO1A;CXCL16;CCL3;SIRPA;NCKAP1L;ITGB7;CCR5;AMICA1;SLC16A3;CCR1;FCER1G;SYK;MMP1;MYO9B;HCK;SLC7A6;DOK2;SLC7A7;CD48;PTPN6;ITGA9","Biological Process","Macrophage",25
"192","leukocyte activation (GO:0045321)","31/373",5.43174810839423e-15,1.53114943899957e-12,0,0,6.72566153570388,220.914545056542,"CD86;SPI1;DOCK8;WAS;AIF1;PYCARD;LGALS1;CLEC7A;CCL3;SLAMF7;AMICA1;FCER1G;ANXA1;SYK;SLC11A1;UNC13D;BST2;LAT2;TYROBP;PTPRC;AXL;ELF4;IMPDH1;GPR183;CD7;CD48;LCP2;LCP1;DOCK2;LAT;MYO1F","Biological Process","Macrophage",31
"193","regulation of lymphocyte proliferation (GO:0050670)","22/170",6.80707321135135e-15,1.72695447371984e-12,0,0,10.7687687687688,351.286004578631,"CD86;SASH3;CD74;SYK;CD300A;LST1;NFATC2;CD1D;IGF1;CORO1A;AIF1;PYCARD;PTPRC;HLA-DMB;CD209;GPR183;HLA-DPB1;NCKAP1L;PTPN6;VSIG4;HLA-DRB1;HLA-DPA1","Biological Process","Macrophage",22
"194","regulation of mononuclear cell proliferation (GO:0032944)","22/171",7.71087119439892e-15,1.77840729274455e-12,0,0,10.6959482972906,347.577089116573,"CD86;SASH3;CD74;SYK;CD300A;LST1;NFATC2;CD1D;IGF1;CORO1A;AIF1;PYCARD;PTPRC;HLA-DMB;CD209;GPR183;HLA-DPB1;NCKAP1L;PTPN6;VSIG4;HLA-DRB1;HLA-DPA1","Biological Process","Macrophage",22
"195","regulation of leukocyte proliferation (GO:0070663)","22/176",1.42009729946961e-14,3.002322373962e-12,0,0,10.3460317460317,329.888042561506,"CD86;SASH3;CD74;SYK;CD300A;LST1;NFATC2;CD1D;IGF1;CORO1A;AIF1;PYCARD;PTPRC;HLA-DMB;CD209;GPR183;HLA-DPB1;NCKAP1L;PTPN6;VSIG4;HLA-DRB1;HLA-DPA1","Biological Process","Macrophage",22
"196","MHC class II protein complex (GO:0042613)","10/18",1.48884806160222e-14,3.52856990599726e-12,0,0,87.322695035461,2780.19643307395,"CD74;HLA-DRB5;HLA-DMA;HLA-DMB;HLA-DPB1;HLA-DRA;HLA-DOA;HLA-DRB1;HLA-DPA1;HLA-DQB1","Cellular Component","Macrophage",10
"197","response to interferon-gamma (GO:0034341)","18/108",2.30006959671753e-14,4.38676614610871e-12,0,0,14.3197080291971,449.685398661679,"CD86;HLA-DRB5;SLC11A1;PTAFR;IFI30;AIF1;CXCL16;BST2;SYNCRIP;HCK;CCL3;HLA-DPB1;HLA-DRA;IRF8;PTPN6;HLA-DRB1;HLA-DPA1;HLA-DQB1","Biological Process","Macrophage",18
"198","hemostasis (GO:0007599)","34/478",2.42076176765952e-14,4.38676614610871e-12,0,0,5.71771771771772,179.262509295832,"CD84;DOCK8;ITGB2;PLEK;WAS;ARRB2;SLC8A1;PIK3R5;DOCK11;TMSB4X;RAC2;FLNA;SIRPA;CD36;A2M;AMICA1;SLC16A3;ZNF385A;SRGN;ENTPD1;FCER1G;SYK;MMP1;RHOG;PLAUR;IGF1;EHD1;SLC7A6;DOK2;SLC7A7;CD48;LCP2;PTPN6;LAT","Biological Process","Macrophage",34
"199","lysosome (GO:0005764)","25/261",1.08535787590937e-13,6.88447672687354e-12,0,0,7.72551260077446,230.619656976741,"NCF1;UNC93B1;CTSZ;NCF4;CD1D;IFI30;LIPA;CTSS;ACP5;CTSD;CTSC;CTSB;SRGN;SLC11A1;RNASET2;LAPTM5;UNC13D;LAT2;HCK;NPC2;RAB9A;HLA-DRA;TPP1;CD68;LAT","Cellular Component","Macrophage",25
"200","lytic vacuole (GO:0000323)","25/261",1.08535787590937e-13,6.88447672687354e-12,0,0,7.72551260077446,230.619656976741,"NCF1;UNC93B1;CTSZ;NCF4;CD1D;IFI30;LIPA;CTSS;ACP5;CTSD;CTSC;CTSB;SRGN;SLC11A1;RNASET2;LAPTM5;UNC13D;LAT2;HCK;NPC2;RAB9A;HLA-DRA;TPP1;CD68;LAT","Cellular Component","Macrophage",25
"201","extracellular vesicular exosome (GO:0070062)","88/2717",1.16193700031621e-13,6.88447672687354e-12,0,0,2.80236278611863,83.4642218343099,"CD86;FAM49B;CD84;ITGB5;CTSZ;ITGB2;SECTM1;LSP1;METRNL;LIPA;DOCK10;VMO1;LGALS1;GM2A;FTH1;ARHGDIB;RAC2;TOM1;SIRPA;ACP5;CD37;ITGB7;VSIG4;LGALS9;OSTF1;CTSD;CTSC;CTSB;RAB8B;CD53;CD97;ENTPD1;ANXA1;GPX1;CD300A;RNASET2;RNASE6;RHOG;PLAUR;RENBP;LAT2;NPC2;FAM20C;CD48;S100A4;LCP1;DOCK2;ATP6V0D2;FTL;C1QB;C1QA;TTYH3;FGL2;WAS;CAPG;CORO1A;HLA-DMA;BLOC1S1;FLNA;STOM;NCKAP1L;MGAT1;APOE;CD14;A2M;LAIR1;CD74;HLA-DRB5;SLC37A2;LYZ;LILRB4;BST2;EHD1;DAB2;PTPRC;FCGR2A;CD209;AXL;CD7;RAB9A;HLA-DRA;TPP1;PTPN6;GALM;TGFBI;HLA-DRB1;FERMT3;C1QC","Cellular Component","Macrophage",88
"202","inflammatory response (GO:0006954)","30/376",4.5123228398529e-14,7.63184202980453e-12,0,0,6.40758063804439,196.900975430265,"CSF1R;NCF1;CCL4L1;PTAFR;C5AR1;ITGB2;LIPA;AIF1;PYCARD;CLEC7A;STAB1;PDPN;CCL4;CCL3;CD14;CCR5;CCR1;CD97;CD163;ANXA1;SLC11A1;CYBB;LYZ;TNFRSF1B;HCK;THEMIS2;AXL;NUPR1;HLA-DRB1;LAT","Biological Process","Macrophage",30
"203","vacuole (GO:0005773)","26/293",2.07071608214532e-13,9.8151942293688e-12,0,0,7.11703415842978,207.858047989877,"NCF1;UNC93B1;CTSZ;NCF4;CD1D;IFI30;LIPA;CTSS;ACP5;CTSD;CTSC;CTSB;SRGN;CD74;SLC11A1;RNASET2;LAPTM5;UNC13D;LAT2;HCK;NPC2;RAB9A;HLA-DRA;TPP1;CD68;LAT","Cellular Component","Macrophage",26
"204","extracellular matrix (GO:0031012)","72/348",2.5306618685601e-54,7.5666789869947e-52,0,0,16.7146559170746,2062.77430927692,"SPON2;COL18A1;ECM1;SPARC;COL14A1;LAMC3;TGFB1I1;SERPINE1;COL12A1;PLAT;LAMC1;OLFML2A;CYR61;CTGF;ADAMTS4;LGALS3;ADAMTS2;LGALS1;TIMP3;EMILIN1;POSTN;MMP2;BGN;PCOLCE;DCN;MMP11;MMP14;VCAN;SFRP2;COL4A2;CRISPLD2;COL4A1;COL6A2;PXDN;COL6A1;COL8A1;COL6A3;ANGPTL4;MFGE8;COL15A1;LAMA4;LTBP4;HTRA1;LTBP2;PRELP;AEBP1;ADAMTS12;LTBP1;THBS1;GPC1;SPOCK1;IGFBP7;CTHRC1;CRTAP;TGFB1;TGFB3;LUM;LAMB2;FN1;LAMB1;SOD3;COL1A1;COL3A1;COL1A2;BMP1;COL5A1;COL5A2;MGP;CD248;TGFBI;FMOD;FBN1","Cellular Component","Quiescent steliate",72
"205","extracellular matrix organization (GO:0030198)","73/359",1.60047792281793e-54,2.78403718134038e-51,0,0,16.4001115163906,2031.47021431492,"ITGB1;COL18A1;SPARC;ITGB5;COL14A1;LAMC3;ITGB3;SERPINE1;COL12A1;PLOD2;LAMC1;OLFML2A;CYR61;LOXL2;ADAMTS4;LGALS3;EFEMP2;ADAMTS2;CTSK;SH3PXD2B;TIMP2;CYP1B1;EMILIN1;TIMP1;POSTN;ACTN1;MMP2;ITGA1;BGN;DCN;MMP11;MMP14;VCAN;SFRP2;COL4A2;CRISPLD2;COL4A1;COL6A2;PXDN;COL6A1;COL8A1;COL6A3;ITGA5;DDR2;ENG;COL15A1;LAMA4;LTBP4;LTBP1;THBS1;SERPINH1;A2M;CRTAP;TGFB1;TGFB3;LUM;LAMB2;FN1;LAMB1;SULF1;COL1A1;COL3A1;COL1A2;BMP1;P4HA1;COL5A1;COL5A3;COL5A2;ITGA11;MFAP2;TGFBI;FMOD;FBN1","Biological Process","Quiescent steliate",73
"206","extracellular structure organization (GO:0043062)","73/360",1.9772991344747e-54,2.78403718134038e-51,0,0,16.3421232361351,2020.8320392319,"ITGB1;COL18A1;SPARC;ITGB5;COL14A1;LAMC3;ITGB3;SERPINE1;COL12A1;PLOD2;LAMC1;OLFML2A;CYR61;LOXL2;ADAMTS4;LGALS3;EFEMP2;ADAMTS2;CTSK;SH3PXD2B;TIMP2;CYP1B1;EMILIN1;TIMP1;POSTN;ACTN1;MMP2;ITGA1;BGN;DCN;MMP11;MMP14;VCAN;SFRP2;COL4A2;CRISPLD2;COL4A1;COL6A2;PXDN;COL6A1;COL8A1;COL6A3;ITGA5;DDR2;ENG;COL15A1;LAMA4;LTBP4;LTBP1;THBS1;SERPINH1;A2M;CRTAP;TGFB1;TGFB3;LUM;LAMB2;FN1;LAMB1;SULF1;COL1A1;COL3A1;COL1A2;BMP1;P4HA1;COL5A1;COL5A3;COL5A2;ITGA11;MFAP2;TGFBI;FMOD;FBN1","Biological Process","Quiescent steliate",73
"207","extracellular vesicular exosome (GO:0070062)","140/2717",1.57150175123922e-31,1.75448256796734e-29,0,0,3.95819030277703,280.746942120293,"IFITM3;SPON2;SERPINE1;COL12A1;PLAT;PLOD2;ANTXR1;ALDH1L2;ACTB;MYLK;LGALS3;ISLR;TUBB6;EFEMP2;LGALS1;BASP1;PLAU;AP2M1;PHLDA3;PDGFRB;G6PD;TPM4;ACTN1;PCOLCE;ATP1B3;COL4A2;CRISPLD2;RAB34;MXRA8;FSCN1;COL8A1;SERPING1;TLN1;VCL;SHMT2;HTRA1;LTBP4;LTBP2;THY1;AEBP1;SLC1A5;NDRG2;CNN2;LDHB;LDHA;RRAS;S100A16;EPB41L2;SERPINH1;SNX9;IGFBP7;CHST14;RSU1;A2M;SPTBN1;KIRREL;RARRES1;FN1;CYBRD1;MSN;BST2;EHD2;COL1A2;COL5A1;STK24;ARPC2;COL5A3;FAT1;TGFBI;FBN1;ITGB1;COL18A1;ECM1;CLIC4;ITGB5;COL14A1;ITGB3;ADIRF;AKR1B1;SLC2A3;LAMC1;RND3;HEBP1;TIMP2;TIMP3;PHGDH;SH3BGRL3;EMILIN1;TIMP1;A4GALT;CTSC;CBR1;WARS;ITGA1;BGN;PLAUR;ANO6;RHOC;ACTA2;ANO1;OAF;COL6A2;PXDN;COL6A1;CDH11;ANGPTL2;FAM20C;COL6A3;MYH9;TAX1BP3;GARS;ITGB1BP1;MFGE8;CRYAB;PTMA;RHOQ;DDR2;COL15A1;AHNAK;C1S;C1R;LAMA4;PRELP;FSTL1;THBS1;UACA;GPC1;FLNA;STOM;SPAG9;LUM;LAMB2;GALNT2;LAMB1;SOD3;AXL;MGP;CD248;VIM;TPT1","Cellular Component","Quiescent steliate",140
"208","focal adhesion (GO:0005925)","52/352",1.76035040264281e-31,1.75448256796734e-29,0,0,10.4032298136646,736.70081805566,"ITGB1;NRP1;ITGB5;TGFB1I1;ITGB3;FHL2;RND3;ACTB;AKAP12;MRC2;PLAU;TNS3;TNS1;PDGFRB;TPM4;ACTN1;ITGA1;PLAUR;ENAH;MMP14;PEAK1;ITGB1BP1;ARHGEF2;ITGA5;TLN1;VCL;DDR2;ENG;AHNAK;LRP1;THY1;CNN3;CNN2;LIMA1;RRAS;EPB41L2;FLNA;RSU1;MPZL1;PDLIM7;CAV1;MSN;PARVA;PPFIBP1;ARPC2;PTK7;DLC1;TRIP6;ITGA11;FAT1;ZYX;VIM","Cellular Component","Quiescent steliate",52
"209","cell-substrate adherens junction (GO:0005924)","52/358",4.12640233895654e-31,3.08448574837002e-29,0,0,10.1960784313725,713.345502335657,"ITGB1;NRP1;ITGB5;TGFB1I1;ITGB3;FHL2;RND3;ACTB;AKAP12;MRC2;PLAU;TNS3;TNS1;PDGFRB;TPM4;ACTN1;ITGA1;PLAUR;ENAH;MMP14;PEAK1;ITGB1BP1;ARHGEF2;ITGA5;TLN1;VCL;DDR2;ENG;AHNAK;LRP1;THY1;CNN3;CNN2;LIMA1;RRAS;EPB41L2;FLNA;RSU1;MPZL1;PDLIM7;CAV1;MSN;PARVA;PPFIBP1;ARPC2;PTK7;DLC1;TRIP6;ITGA11;FAT1;ZYX;VIM","Cellular Component","Quiescent steliate",52
"210","cell-substrate junction (GO:0030055)","52/362",7.21249877303236e-31,4.31307426627335e-29,0,0,10.0624323782809,698.376301122704,"ITGB1;NRP1;ITGB5;TGFB1I1;ITGB3;FHL2;RND3;ACTB;AKAP12;MRC2;PLAU;TNS3;TNS1;PDGFRB;TPM4;ACTN1;ITGA1;PLAUR;ENAH;MMP14;PEAK1;ITGB1BP1;ARHGEF2;ITGA5;TLN1;VCL;DDR2;ENG;AHNAK;LRP1;THY1;CNN3;CNN2;LIMA1;RRAS;EPB41L2;FLNA;RSU1;MPZL1;PDLIM7;CAV1;MSN;PARVA;PPFIBP1;ARPC2;PTK7;DLC1;TRIP6;ITGA11;FAT1;ZYX;VIM","Cellular Component","Quiescent steliate",52
"211","adherens junction (GO:0005912)","53/405",2.09613000550468e-29,1.04457145274316e-27,0,0,9.04065774568111,596.998703310928,"ITGB1;NRP1;ITGB5;TGFB1I1;ITGB3;FHL2;RND3;ACTB;MRC2;AKAP12;PLAU;TNS3;TNS1;PDGFRB;TPM4;ACTN1;ITGA1;PLAUR;ENAH;MMP14;PEAK1;MYH9;ITGB1BP1;ARHGEF2;ITGA5;TLN1;VCL;ENG;DDR2;AHNAK;LRP1;THY1;CNN3;CNN2;LIMA1;RRAS;EPB41L2;FLNA;RSU1;MPZL1;PDLIM7;CAV1;MSN;PARVA;PPFIBP1;ARPC2;PTK7;DLC1;TRIP6;ITGA11;FAT1;ZYX;VIM","Cellular Component","Quiescent steliate",53
"212","anchoring junction (GO:0070161)","53/419",1.14651733501806e-28,4.89726690243428e-27,0,0,8.68852459016393,558.981908855139,"ITGB1;NRP1;ITGB5;TGFB1I1;ITGB3;FHL2;RND3;ACTB;MRC2;AKAP12;PLAU;TNS3;TNS1;PDGFRB;TPM4;ACTN1;ITGA1;PLAUR;ENAH;MMP14;PEAK1;MYH9;ITGB1BP1;ARHGEF2;ITGA5;TLN1;VCL;ENG;DDR2;AHNAK;LRP1;THY1;CNN3;CNN2;LIMA1;RRAS;EPB41L2;FLNA;RSU1;MPZL1;PDLIM7;CAV1;MSN;PARVA;PPFIBP1;ARPC2;PTK7;DLC1;TRIP6;ITGA11;FAT1;ZYX;VIM","Cellular Component","Quiescent steliate",53
"213","extracellular matrix part (GO:0044420)","32/127",2.94244186382756e-27,1.09973764660555e-25,0,0,19.2364419821484,1175.1649690126,"ITGB1;COL18A1;COL15A1;SPARC;COL14A1;LAMC3;LAMA4;COL12A1;LAMC1;THBS2;LOXL2;EFEMP2;TIMP2;TIMP3;TIMP1;LUM;LAMB2;FN1;LAMB1;RUNX1;COL1A1;COL3A1;COL1A2;COL4A2;COL5A1;COL4A1;COL5A3;COL5A2;MFAP2;COL8A1;TGFBI;FBN1","Cellular Component","Quiescent steliate",32
"214","extracellular matrix disassembly (GO:0022617)","32/116",1.24231076628799e-28,1.16611570595566e-25,0,0,21.7677527151211,1398.69586323822,"COL18A1;COL15A1;COL14A1;COL12A1;LAMC1;ADAMTS4;CTSK;SH3PXD2B;TIMP2;TIMP1;A2M;MMP2;FN1;LAMB1;DCN;COL1A1;MMP11;MMP14;COL3A1;COL1A2;BMP1;COL4A2;COL5A1;COL4A1;COL5A3;COL6A2;COL5A2;COL6A1;COL8A1;COL6A3;FBN1;ENG","Biological Process","Quiescent steliate",32
"215","extracellular space (GO:0005615)","81/1120",1.53708513757754e-26,5.1065384015076e-25,0,0,4.94551074641868,293.947927363579,"SPON2;COL18A1;NRP1;ECM1;SPARC;COL14A1;SERPINE1;COL12A1;AKR1B1;PLAT;LAMC1;ACTB;LOXL2;CTGF;ADAMTS4;LGALS3;LGALS1;PLAU;CTSK;TIMP2;TIMP1;CTSC;IL11;IGFBP4;ACTN1;MMP2;CLEC11A;PCOLCE;DCN;DKK3;ACTA2;VCAN;SFRP2;COL6A2;PXDN;SERPING1;ANGPTL2;FAM20C;COL6A3;ANGPTL4;MFGE8;NBL1;ENG;COL15A1;HTRA1;LTBP4;LTBP2;AEBP1;TFPI;FSTL1;THBS1;SRPX2;GPC1;SERPINH1;SPOCK1;STOM;IGFBP7;KDSR;CTHRC1;CRTAP;TGFB1;TGFB3;LUM;FN1;LIF;BMP8A;MSN;LAMB1;SULF1;PLXDC1;SOD3;COL1A1;COL3A1;COL1A2;BMP1;AXL;TGFBI;FMOD;CRLF1;TPT1;FBN1","Cellular Component","Quiescent steliate",81
"216","proteinaceous extracellular matrix (GO:0005578)","38/239",2.29703275263888e-24,6.86812793039026e-23,0,0,10.9297263681592,594.909640962546,"SPON2;ECM1;SPARC;COL14A1;LAMC3;LTBP4;LTBP2;PRELP;ADAMTS12;LTBP1;CTGF;ADAMTS4;LGALS3;ADAMTS2;LGALS1;GPC1;SPOCK1;EMILIN1;CTHRC1;POSTN;CRTAP;TGFB1;LUM;MMP2;BGN;DCN;MMP11;VCAN;BMP1;COL6A2;PXDN;COL6A1;MGP;COL6A3;CD248;ANGPTL4;FMOD;FBN1","Cellular Component","Quiescent steliate",38
"217","extracellular matrix structural constituent (GO:0005201)","22/68",9.43976669271997e-22,4.60660614604735e-19,0,0,26.6032608695652,1287.9154897928,"COL15A1;COL14A1;LUM;LAMA4;COL12A1;BGN;PRELP;LAMB1;LAMC1;COL1A1;EFEMP2;COL3A1;COL1A2;COL4A2;COL5A1;COL4A1;COL5A3;PXDN;COL5A2;MGP;EMILIN1;FBN1","Molecular Function","Quiescent steliate",22
"218","extracellular region (GO:0005576)","87/1585",2.26736623437288e-20,6.16311367343174e-19,0,0,3.66838944376474,165.932564007017,"COL18A1;SPARC;LAMC3;COL14A1;SERPINE1;COL12A1;PLAT;LAMC1;OLFML2A;CYR61;CTGF;ADAMTS4;HEBP1;EFEMP2;ADAMTS2;PLAU;CTSK;TMSB4X;TIMP2;EMILIN1;TIMP1;PAMR1;IL11;IGFBP5;IGFBP4;ACTN1;HEG1;MMP2;CLEC11A;BGN;DCN;DKK3;MMP11;VCAN;COL4A2;CRISPLD2;COL4A1;COL6A2;COL6A1;COL8A1;SERPING1;COL6A3;PLIN2;ANGPTL4;TLN1;MFGE8;VCL;NOTCH3;COL15A1;NOTCH1;C1S;C1R;HTRA3;LAMA4;LTBP4;PRELP;THBS2;TFPI;FSTL1;LTBP1;THBS1;UACA;CHSY1;FLNA;IGFBP7;A2M;TGFB1;TGFB3;LUM;LAMB2;FN1;LAMB1;INHBA;PLXDC1;SOD3;COL1A1;COL3A1;COL1A2;BMP1;COL5A1;COL5A3;COL5A2;MFAP2;CALU;TGFBI;FMOD;FBN1","Cellular Component","Quiescent steliate",87
"219","collagen metabolic process (GO:0032963)","23/83",6.00130329996097e-21,4.22491752317252e-18,0,0,21.3683760683761,994.960956901421,"COL18A1;COL15A1;COL14A1;MMP2;COL12A1;MRC2;COL1A1;MMP11;ADAMTS2;MMP14;COL3A1;COL1A2;COL4A2;COL5A1;COL4A1;CTSK;COL6A2;COL5A3;COL6A1;COL5A2;SERPINH1;COL8A1;COL6A3","Biological Process","Quiescent steliate",23
"220","collagen catabolic process (GO:0030574)","22/74",7.75702401419727e-21,4.3687559247959e-18,0,0,23.5264423076923,1089.40810185086,"COL18A1;COL15A1;COL14A1;MMP2;COL12A1;MRC2;COL1A1;MMP11;ADAMTS2;MMP14;COL3A1;COL1A2;COL4A2;COL5A1;COL4A1;CTSK;COL6A2;COL5A3;COL6A1;COL5A2;COL8A1;COL6A3","Biological Process","Quiescent steliate",22
"221","angiogenesis (GO:0001525)","34/236",1.72969976348523e-20,8.11805755662403e-18,0,0,9.61584158415842,437.556890078816,"COL18A1;NRP1;CLIC4;ECM1;COL15A1;NOTCH1;PLXND1;EPAS1;SHC1;ITGB3;SERPINE1;THY1;ETS1;THBS1;CYR61;LOXL2;CTGF;SRPX2;CYP1B1;WARS;CAV1;MMP2;FN1;PARVA;PLXDC1;MMP14;COL4A2;COL8A1;MYH9;ANGPTL4;TGFBI;ITGA5;MFGE8;GPR124","Biological Process","Quiescent steliate",34
"222","multicellular organismal macromolecule metabolic process (GO:0044259)","23/89",3.46633793975208e-20,1.39445823404884e-17,0,0,19.4198394198394,870.175878226953,"COL18A1;COL15A1;COL14A1;MMP2;COL12A1;MRC2;COL1A1;MMP11;ADAMTS2;MMP14;COL3A1;COL1A2;COL4A2;COL5A1;COL4A1;CTSK;COL6A2;COL5A3;COL6A1;COL5A2;SERPINH1;COL8A1;COL6A3","Biological Process","Quiescent steliate",23
"223","multicellular organismal catabolic process (GO:0044243)","22/80",5.20068085032981e-20,1.83063965931609e-17,0,0,21.0862068965517,936.288995780396,"COL18A1;COL15A1;COL14A1;MMP2;COL12A1;MRC2;COL1A1;MMP11;ADAMTS2;MMP14;COL3A1;COL1A2;COL4A2;COL5A1;COL4A1;CTSK;COL6A2;COL5A3;COL6A1;COL5A2;COL8A1;COL6A3","Biological Process","Quiescent steliate",22
